:020000040800F2
:10000000D01B002085490008153500088F490008DD
:10001000173500081B3500081F35000800000000D8
:100020000000000000000000000000002335000870
:1000300025350008000000009B490008F535000840
:100040009F4900089F4900089F4900089F490008F0
:100050009F4900089F4900089F4900089F490008E0
:100060009F4900089F4900089F4900089F490008D0
:100070009F4900089F4900089F4900089F490008C0
:100080009F4900089F4900089F4900089F490008B0
:100090009F4900089F4900089F490008273500082C
:1000A0009F4900089F4900089F4900089F49000890
:1000B0009F49000839350008413500089F4900086C
:1000C0009F4900089F4900089F4900089F49000870
:1000D0009F4900085D350008653500086D3500084A
:1000E0009F4900089F4900089F4900089F49000850
:1000F0009F4900089F4900089F4900089F49000840
:100100009F4900089F4900089F4900089F4900082F
:10011000753500087D3500089F4900084335000803
:100120009F4900089F4900089F4900089F4900080F
:100130009F4900089F4900089F4900089F490008FF
:100140009F4900089F4900089F4900089F490008EF
:100150009F4900089F4900089F490008853500080D
:100160009F4900089F4900089F4900089F490008CF
:100170009F4900089F4900089F4900089F490008BF
:100180009F4900089F490008DFF80CD00CF032FFAF
:1001900000480047A1010008D01B002000BFFEE777
:1001A00001F0A4FF00F00EF801E000F031F8FCE7E8
:1001B000704770477047704710B500F051F810BD98
:1001C00070477047002000BF1FE000EB4001234A4A
:1001D00002EB810189884FF47A7292FBF1F100EB16
:1001E00040021E4B03EB8202D18000EB40011A4615
:1001F00002EB8101C988012905DA012100EB4002E7
:1002000003EB8202D180411CC8B20728DDD37047BE
:1002100070B5002400BF1EE003F0F6F9054604EBBC
:1002200044000E4901EB80008068281A04EB440169
:100230000A4A02EB8101C98888420AD304EB4400D0
:10024000114601EB8000856004EB440152F8210067
:100250008047601CC4B2072CDED370BD00000020B4
:1002600010B5734890F83800002871D17048B0F983
:10027000420040F2145188420FDD6D48B0F942004F
:1002800040F2A461884208DA6A48007840B96420E4
:1002900001F0CCFB6749087002E000206549087056
:1002A0006348B0F94200B0F5487F0DDD6048B0F911
:1002B0004200B0F5966F07DA5F48007838B901F070
:1002C000DAFB5D49087002E000205B49087058487D
:1002D000B0F9420040F2A46188420FDD5448B0F901
:1002E000420040F69801884208DA5448007840B944
:1002F0000120524908705249087002E000204F491D
:1003000008704E48007801286FD14D4800780F28BA
:100310006CD2DFE800F0080C151E323B50585E64CA
:100320006C72787E84000020464908807BE00320C0
:1003300001F0F8F84249097808444149087072E030
:1003400001F0B8F83E49097808443D4908706AE070
:100350006DE03C480088B0F5FA6F05DA394800884E
:1003600014303849088007E00020364908803448B6
:100370000078401C3249087055E0782001F056FBA7
:100380002F49097808442E4908704CE02D48008810
:1003900041F28831884205DA2A4800881430294918
:1003A000088007E000202749088025480078401C85
:1003B0002349087037E001F049F8214909780844D9
:1003C0001F4908702FE01E480078401C1C49087027
:1003D00029E01B480078401C1949087023E01848A0
:1003E0000078401C164908701DE01DE01AE0144812
:1003F0000078401C1249087015E011480078401C34
:100400000F4908700FE00E480078401C0C49087036
:1004100009E00B480078401C0949087003E001F02E
:100420002AFB00E000BF02E000200549087010BD73
:100430009C09002054000020550000205600002098
:100440005700002058000020FF20F84981F84E0096
:100450006421F648A0F850100121A0F85210FF20A6
:10046000F24981F880011421F048A0F8821100219E
:10047000A0F88411FF20ED4981F820010021EB480C
:10048000A0F82211A0F82411FF20E84981F83201D8
:100490000021E648A0F83411A0F83611FF20E34906
:1004A00081F838010021E148A0F83A11A0F83C1188
:1004B000FF20DE4981F886010021DC48A0F8881180
:1004C000A0F88A11FF20D94981F840050021D748BA
:1004D000A0F84215A0F84415FF20D44981F84C0536
:1004E0000021D248A0F84E15A0F85015704770B5FD
:1004F00004460D462946204604F0ABF970BDCB4AB0
:1005000010700122C94B5A707047C84A82F84C05D6
:10051000012382F84D3570472DE9F04104460D4620
:1005200000260027E178A81F814201D0BDE8F081B4
:10053000002006E0215C3144CEB2B919CFB2411C93
:10054000C8B2A91E8142F5DC601910F8020CB04255
:1005500004D1601910F8010CB84200D0E6E7207809
:10056000AA2805D16078612803D06078FF2800D0E0
:10057000DCE7A078202811D1A088AD490880E08868
:100580004880208988806089C880A0890881E089A6
:100590004881208A8881608AC881AEE0A0780F28CF
:1005A0000DD1207940B2A3490870607940B24870FB
:1005B000A07940B28870E07940B2C8709DE0A07820
:1005C00006280CD120799C4948706079C870A079C0
:1005D0000871E17998484171217A81718DE0A078A4
:1005E00007280AD1002005E0211D095C934A115417
:1005F000411CC8B20628F7DB7FE0A07803280AD1A7
:10060000002005E0211D095C8D4A1154411CC8B22F
:100610000728F7DB71E0A07803280AD1002005E065
:10062000211D095C874A1154411CC8B20928F7DB17
:1006300063E0A078012860D0A078E0281ED120795E
:10064000012806D0022805D0102804D0112804D192
:1006500002E003E002E001E000E000BF00BF20791B
:10066000724981F80C06084680F80D6680F80E760F
:1006700000F20C61AF20FFF742FF3EE0A078B0B976
:100680006A4890F80F062179884236D1674890F879
:1006900010066179884230D1644890F81106A1793A
:1006A00088422AD10020614981F8000625E0A0781F
:1006B000E12811D12179607901EB00201FFA80F83F
:1006C0005A48A0F814860021C0F8181600F21461E8
:1006D000FF20FFF71AFF10E0A078E2280DD1207963
:1006E000524981F80C06084680F80D6680F80E76AF
:1006F00000F20C61FF20FFF702FF00BF16E710B504
:1007000004465148007838B9AA2C05D101204E4939
:1007100008704E48047072E04B480078012809D1F7
:10072000612C01D0FF2C05D10220474908704748B1
:10073000447064E044480078022805D1032042490F
:100740000870424884705AE03F48007803280CD172
:10075000FA2C0ADA04203C4908703C48C4703C4832
:10076000047000203B49087049E0374800780428AD
:1007700019D137480078002815DD35480078401E2B
:10078000334908703348007832490978491C314AA6
:100790001170001D2D490C542D48007858BB0520C0
:1007A000294908702BE02848007805280DD106203B
:1007B000254908702748007826490978491C254AA8
:1007C0001170001D21490C5419E01F4800780628BB
:1007D00012D100201C4908701E480078001D1B49DA
:1007E0000C541C480078401D1B49087008460178CD
:1007F0001648FFF791FE02E000201349087010BD73
:100800007CB50346342B68D007DC3BB30D2B3CD0C2
:10081000302B47D0332B6ED151E0402B6FD0412B82
:100820007AD0E02B6AD0E22BF5D196E00C020020C2
:100830003609002070010020900900206B00002084
:1008400064000020460900205E00002028080020E7
:100850005C0000205D0000205A000020FFE7D64821
:1008600090F80C460D78681C08705455D24890F8E2
:100870000D460D78681C08705455CF4890F80E4608
:100880000D78681C0870545596E0002007E0CB4CAA
:10089000255C0E78741C0C709555441CE0B204283D
:1008A000F5DB89E0002007E0C54C255C0E78741C60
:1008B0000C709555441CE0B21728F5DB7CE0002055
:1008C00008E0BF4C193C255C0E78741C0C709555E3
:1008D000441CE0B20628F4DB6EE0002008E0B84CCF
:1008E000E41F255C0E78741C0C709555441CE0B216
:1008F0000728F4DB60E05EE001E00DE019E0002095
:1009000007E0B04C255C0E78741C0C709555441CA7
:10091000E0B21428F5DB4FE0002007E0AA4C255C8C
:100920000E78741C0C709555441CE0B20E28F5DB53
:1009300042E0A14890F801460D78681C08705455B3
:10094000002007E0A14C255C0E78741C0C709555B6
:10095000441CE0B20A28F5DB2EE09748B0F81406F4
:1009600000B201909DF804400D78681C0870545541
:100970009DF805400D78681C087054558E48D0F8D5
:10098000180600909DF800400D78681C08705455BA
:100990009DF801400D78681C087054559DF8024080
:1009A0000D78681C087054559DF803400D78681C3C
:1009B0000870545500E000BF00BF7CBDF8B5044688
:1009C0000F4600200090AA219DF80020501CC0B2C4
:1009D00000907F48815439789DF80020501CC0B2A7
:1009E00000907B4881549DF80010481CC0B20090D4
:1009F0007748445400219DF80020501CC0B200905C
:100A000073488154024669462046FFF7F9FE9DF877
:100A10000000001F6E49C87000250026002007E076
:100A20006B49095C2944CDB27119CEB2411CC8B2E0
:100A30009DF800108842F3DB9DF80010481CC0B2FE
:100A40000090634845549DF80010481CC0B20090C7
:100A50005F484654584890F8000640B1E02C06D153
:100A6000554880F80F4680F8105680F811669DF8BA
:100A700000105748FFF73BFDF8BD10B5044604EBE6
:100A800044004D4901EB4000408828B304EB44008A
:100A900001EB4000808804EB4401474A02EB41012E
:100AA000498888420CDA04EB4400114601EB40000F
:100AB0008088401C04EB440102EB410188800BE07C
:100AC000012004EB44013C4A02EB4101888004EB25
:100AD000440102EB4101487004EB4400364901EB4C
:100AE0004000407868B1002004EB4401324A02EB38
:100AF0004101487004EB440002EB40012046FFF73F
:100B00005DFF10BD2C4A82F84005012382F8413573
:100B10000122294B83F80026704710B52DED028B7A
:100B2000B0EE408A00F01BF83020FFF7A6FF33201C
:100B3000FFF7A3FF3420FFF7A0FF4020FFF79DFF42
:100B40004120FFF79AFFE020FFF797FFE220FFF731
:100B500094FF0D20FFF791FFBDEC028B10BD1648EE
:100B600090F80006012821D11A480078322805DAC9
:100B700018480078401C174908701CE000201549EF
:100B8000087015480078401C134908700846007822
:100B9000052804DA0121084880F841150BE00020FF
:100BA0000D490870044981F8000604E00020094955
:100BB00008700949087070470C020020600000208E
:100BC00079090020D6090020280900200E080020FD
:100BD000D80100205F0000205B00002000B52DED53
:100BE000028B85B0B0EE408AFE4890F839000028AC
:100BF0007DD1FC48B0F94200B0F5966F06DA0120CD
:100C000000F090FC0120F849087013E0F548B0F9B5
:100C1000420040F2A461884206DA022000F082FC21
:100C20000220F149087005E0032000F07BFC03205E
:100C3000ED490870EC484078EB49097888420BD0C0
:100C4000E9480078E849487008460078032803D14D
:100C500008468078401C8870E348807810B3E348E9
:100C60000088B0F5FA6F10DAE048008800EE100A4C
:100C7000B8EE400ADFEDDE0A00EE880ABCEEC00ADC
:100C800010EE100AD94908800CE0D7498978032969
:100C900001DB00F06FFC20B10021D44A1180D24A60
:100CA000917000BFCF48B0F93A00A0F2DC5000EEDE
:100CB000900AF8EEE00AB0EE600A9FEDCE1ADFED82
:100CC000CE0A01F079FE8DED010AC648B0F93C006C
:100CD000A0F2DC5000EE900AF8EEE00AB0EE600AF6
:100CE0009FEDC41ADFEDC40A01F066FE00E07BE070
:100CF0008DED020ABB48B0F93E00A0F2DC5000EED8
:100D0000900AF8EEE00AB0EE600A9FEDBC1ADFED43
:100D1000BA0A01F051FE8DED030AB248B0F9400065
:100D2000A0F2DC5000EE900AF8EEE00AB0EE600AA5
:100D30009FEDB21ADFEDB00A01F03EFE8DED040A20
:100D4000AF48007858B19FEDAC0A8DED010A9FEDD8
:100D5000AA0A8DED020A9FEDA80A8DED040A9DED09
:100D6000010ADFEDA80A20EE200ADFEDA70A20EE37
:100D7000200ABDEEC00A10EE100A00B2A349088096
:100D80009DED020AB1EE400ADFED9E0A20EE200A38
:100D9000DFED9D0A20EE200ABDEEC00A10EE100A1B
:100DA00000B248808F48C08FA0F57A7000B288806A
:100DB0009DED040AB1EE400ADFED950A20EE200A0F
:100DC000DFED940A20EE200ABDEEC00A10EE100AF4
:100DD00000B2C8800121904880F8871100208F4917
:100DE00008708F4908701EE08E48C07878B18B4833
:100DF000007828B9032000F095FB8849087006E0C8
:100E00008748007818B900F0B5FB854908700020C4
:100E10007E49088048804FF4AF7088800020C880E9
:100E200088814881088105B0BDEC028B00BD10B5FA
:100E300004467D48008800EE100AB8EE400ADFED57
:100E40007B0A20EE200ABDEEC00A10EE100A00B2A6
:100E5000774908807448408800EE100AB8EE400ACE
:100E6000DFED720A20EE200ABDEEC00A10EE100A75
:100E700000B248806C48808800EE100AB8EE400A44
:100E8000DFED6A0A20EE200ABDEEC00A10EE100A5D
:100E900000B288806448C08800EE100AB8EE400AAC
:100EA000DFED620A20EE200ABDEEC00A10EE100A45
:100EB00000B2C8805C48008900EE100AB8EE400A13
:100EC000DFED5A0A20EE200ABDEEC00A10EE100A2D
:100ED00000B208815448408900EE100AB8EE400A7A
:100EE000DFED520A20EE200ABDEEC00A10EE100A15
:100EF00000B248814C48808900EE100AB8EE400AE2
:100F0000DFED4A0A20EE200ABDEEC00A10EE100AFC
:100F100000B288814448C08900EE100AB8EE400A49
:100F2000DFED420A20EE200ABDEEC00A10EE100AE4
:100F300000B2C8813F48007818B901203D490870C7
:100F400027E0E4B1002017E0394931F910100029F9
:100F500001DC00210BE0364931F91010B1F57A7F40
:100F600002DD4FF47A7102E0314931F91010304A54
:100F700022F81010411CC8B20828E5DB09E0002067
:100F800005E000212A4A22F81010411CC8B20828A6
:100F9000F7DB274802F04BFE10BD10B502F006FC4F
:100FA000DFED250A20EE200ABCEEC00A10EE100A82
:100FB0002249088010BD10B521480088401C2049F6
:100FC0000880084600880A2190FBF1F201FB12001C
:100FD0001B49088008460088B0BB9FED1A0A01F043
:100FE00050FA32E09C0900207300002076000020B7
:100FF00000007A4400002042000000000000A042EF
:10100000900000208F360E3B00C05A452809002072
:10101000C6F91B3B000048430C0200207100002071
:10102000720000209009002036090020CDCCCC3D74
:1010300050090020780000200000C8426000002015
:101040007A0000200AD7233C1EE01FED020AFFF7BA
:10105000C5FD1FED040A01F023F81FED060A01F09B
:10106000E5FE13484088401C1149488008464088E6
:101070000A2190FBF1F201FB12000D49488008465D
:10108000408808B9FFF789FF03F062FC012002F0F5
:101090006DF89FED080A00F00FF89FED060AFFF7C4
:1010A0003CFD0120FFF7C3FE02F021FC10BD000053
:1010B0007A0000206F12833A10B52DED028BB0EE4E
:1010C000408A00F020F800BF2D4840782D4909786B
:1010D000884214D02A4840782A49087000202A49BA
:1010E00088744FF487712848A0F813102448C16908
:1010F0002548C0F815100121244880F8391100BF97
:10110000BDEC028B10BD22480078FF2804D0204897
:101110000078401C1E490870194800781D4909785C
:10112000884216D0164800781A4908701448007A88
:1011300050B11348C07838B111484089124908802D
:101140000F488089488004E04FF400400E49088031
:1011500048800B4840781049097888420ED00848EA
:1011600040780D4908704FF40040074988800121FC
:10117000064880F8331100200549087070470000C8
:10118000080A002081000020600900200C020020D5
:10119000800000207E0000207F0000200146FE48E5
:1011A0000088884205DAFC4800881430FA4A10802A
:1011B00004E00020F84A1080012070470020FCE77E
:1011C00070B52DED0A8B05460C4620460BF0C6FD8A
:1011D00041EC1C0BB0EE4C0AF0EE6C0A01F0A8FBDF
:1011E00010EE106A30460BF0DFFD41EC1A0B28467A
:1011F0000BF0B4FD41EC1B0B53EC1A2B0BF02BFD49
:1012000041EC180B20460BF0A9FD41EC1C0BB0EE95
:101210004C0AF0EE6C0A01F055FBB0EE40AAF0EE7D
:1012200060AA28460BF09AFD41EC1B0B53EC1A2BDD
:101230000BF011FD41EC190B51EC180B0BF09BFD61
:10124000D6490988084400B2D449088051EC190BEA
:101250000BF091FDD1494988084400B2CF4948803C
:10126000BDEC0A8B70BD07B5CD4890F8000678BB81
:101270001020CB4981F801060221C94880F80216E6
:10128000032180F803169DF8001080F804169DF8DD
:10129000011080F805169DF8041080F806169DF8D8
:1012A000051080F807169DF8081080F808169DF8BC
:1012B000091080F8091600F20161FF20FFF722FCF7
:1012C000BDF80410BDF80000FFF77AFF01200EBD45
:1012D000FFE70020FBE72DE9F047B248B0F90060D6
:1012E000B0F90270AD48B0F90080B0F90290A8EBF7
:1012F000060004B2A9EB070005B2A8480088001B4D
:1013000000B2A649088008464088401B00B24880C9
:10131000A5480078052863D2DFE800F003263052A4
:101320005C00052C0ADBA0B25A221921FFF79BFFB3
:101330009D49097808449C49087014E014F1050F90
:101340000CDC614288B24FF487721921FFF78BFFE2
:101350009549097808449449087004E09248007857
:10136000401C914908703FE040F6B830FFF716FF87
:101370008D49097808448C49087035E0052D0ADB51
:10138000A8B2B4221921FFF76EFF874909780844F3
:101390008549087013E015F1050F0BDC694288B22E
:1013A00000221921FFF75FFF7F49097808447E4931
:1013B000087004E07C480078401C7B49087013E00A
:1013C00040F6B830FFF7EAFE7749097808447649D5
:1013D000087009E00020744908700120BDE8F0871A
:1013E00000207149087000BF00BF0020F6E72DE91A
:1013F000F04105460E4617461C466C48007820B161
:1014000001280DD002281AD113E03A463146284669
:10141000FFF729FF6549097808446449087012E01C
:101420002046FFF7BBFE6149097808445F49087010
:1014300009E000205D4908700120BDE8F08100202E
:101440005A49087000BF00BF0020F6E710B526E03B
:101450005749097801EB4101564B33F811205449A3
:10146000097801EB410103EB410148884FF4FA632D
:101470001921FFF7BCFF4E49097808444C49087010
:10148000084600780BF01CFB49490878C11700EBAF
:101490005171C910A0EBC10109B9FFF71CFF444805
:1014A0000078454909788842D2DBFF200BF008FB21
:1014B000012010BD10B5012040498870384890F8CF
:1014C000000688B91020364981F801060021344809
:1014D00080F80216012180F8031600F20161FF2056
:1014E000FFF710FB012010BD0020FCE710B5002025
:1014F000324988702A4890F8000688B91020284997
:1015000081F801060021264880F80216022180F8A1
:10151000031600F20161FF20FFF7F4FA012010BD6D
:101520000020FCE710B5044625480078A0421FD0F3
:101530001B4890F80006C8B9204804702048047081
:101540000120174981F801060121154880F802168B
:1015500080F8031619480178114880F8041600F243
:101560000161FF20FFF7CEFA012010BD0020FCE74B
:101570000120FAE710B50A4890F8000658B9102083
:10158000074981F801060021054880F80216072165
:1015900080F8031616E01CE084000020C001002043
:1015A0000C020020C6010020880000208B000020D3
:1015B0008200002040120020CC0100209009002071
:1015C0008300002000F20161FF20FFF79BFA012059
:1015D00010BD0020FCE72DE9F04706460F46904677
:1015E0009946B81B04B2A9EB080005B2F64800887A
:1015F000001B00B2F449088008464088401B00B236
:101600004880F2480078052863D2DFE800F003261E
:1016100030525C00052C0ADBA0B25A221921FFF7D8
:1016200022FEEA4909780844E849087014E014F1F8
:10163000050F0CDC614288B24FF487721921FFF765
:1016400012FEE24909780844E049087004E0DF48E6
:101650000078401CDD4908703FE040F6B830FFF7E5
:101660009DFDDA4909780844D849087035E0052D10
:101670000ADBA8B2B4221921FFF7F5FDD349097896
:101680000844D249087013E015F1050F0BDC6942DC
:1016900088B200221921FFF7E6FDCC4909780844F9
:1016A000CA49087004E0C9480078401CC74908705E
:1016B00013E040F6B830FFF771FDC44909780844DB
:1016C000C249087009E00020C04908700120BDE847
:1016D000F0870020BD49087000BF00BF0020F6E77A
:1016E0002DE9F0412DED048B05460C46164605FB11
:1016F00005F004FB040000EE900AF8EEE00AB0EEFC
:10170000600A01F043F8B0EE409A9FEDB10AB4EEE2
:10171000C09AF1EE10FA04D20020BDEC048BBDE8B3
:10172000F08100EE105AF8EEC00A00EE104AB8EE52
:10173000C00A00F04AFFF0EE408A9FEDA60A28EEAC
:10174000808AB5EEC08AF1EE10FA05D29FEDA20AAA
:1017500038EE000AB0EE408AB6EE000A39EE000A12
:10176000BCEEC00A10EE100A87B2B6EE000A38EEE0
:10177000000ABCEEC00A10EE100A1FFA80F84246BA
:1017800031463846FFF76FFDC7E72DE9F0470646BB
:101790000F4690469946B81B05B2052D02DA15F1A1
:1017A000050F01DC284600E000200546A9EB0800F3
:1017B00004B2052C02DA14F1050F01DC204600E02A
:1017C0000020044680480088401B00B27E49088003
:1017D00008464088001B00B248808048007820B14D
:1017E00001280DD002281BD114E0192221462846D9
:1017F000FFF776FF7949097808447849087013E0C3
:1018000040F6B830FFF7CAFC7449097808447349B8
:10181000087009E00020714908700120BDE8F087D8
:1018200000206E49087000BF00BF0020F6E72DE9D8
:10183000F0476B48B0F90060B0F902706248B0F947
:101840000080B0F90290A8EB060005B2052D02DA7F
:1018500015F1050F01DC284600E000200546A9EB44
:10186000070004B2052C02DA14F1050F01DC204652
:1018700000E00020044654480088401B00B2524952
:10188000088008464088001B00B248805548007810
:1018900020B101280DD002281BD114E019222146C5
:1018A0002846FFF71DFF4F49097808444D49087045
:1018B00013E040F6B830FFF771FC4A490978084454
:1018C0004849087009E00020464908700120BDE839
:1018D000F08700204349087000BF00BF0020F6E7F2
:1018E00070B52DED0A8B4048007820B101287FD0DB
:1018F00002287ED18EE03D4840891E287BDC3B4893
:101900004089C0F11E0085B238480089B4304FF4D8
:10191000B47190FBF1F201FB120084B220460BF08F
:101920001DFA41EC1C0BB0EE4C0AF0EE6C0A00F014
:10193000FFFF10EE106A30460BF036FA41EC1A0B3E
:1019400028460BF00BFA41EC1B0B53EC1A2B0BF057
:1019500082F941EC180B20460BF000FA41EC1C0B0D
:10196000B0EE4C0AF0EE6C0A00F0ACFFB0EE40AA0C
:10197000F0EE60AA28460BF0F1F941EC1B0B53EC9A
:101980001A2B0BF068F941EC190B51EC180B0BF00A
:10199000F2F90D490988081A00B20B49088051EC88
:1019A000190B0BF0E8F908494988081A00B20649F2
:1019B000488022460A212846FFF755FC0A49097843
:1019C0000844094908701AE0C00100208600002080
:1019D00017B7D138ED2E65420000B44387000020D0
:1019E000C6010020890000208A000020C0130020CA
:1019F00006E014E0FFE70120BDEC0A8B70BD12E0A9
:101A000040F6B830FFF7CAFBFD4909780844FC49A5
:101A1000087008E00020FA4908700120ECE7002077
:101A2000F749087000BF00BF0020E5E701B5F548A1
:101A300090F80006E8B91020F24981F8010600216B
:101A4000F04880F80216052180F803169DF8001072
:101A500080F804169DF8011080F8051600F2016167
:101A6000FF20FFF74FF8BDF80000E749888001200C
:101A700008BD0020FCE710B5E24890F80006A0B9C8
:101A80001020E04981F801060021DE4880F80216A6
:101A9000062180F8031600F20161FF20FFF732F8FB
:101AA0000020D9498880012010BD0020FCE72DE9E5
:101AB000F04105460E4617461C46D448007820B132
:101AC00001280DD002281AD113E03A4631462846A3
:101AD000FFF706FECD4909780844CC49087012E0AA
:101AE0002046FFF75BFBC94909780844C7490870DD
:101AF00009E00020C54908700120BDE8F081002000
:101B0000C249087000BF00BF0020F6E701B5BD481C
:101B100090F8000620BB1020BA4981F80106012187
:101B2000B84880F80216022180F803169DF80010CC
:101B300080F804169DF8011080F805169DF8021033
:101B400080F806169DF8031080F8071600F2016170
:101B5000FF20FEF7D7FFAC4900988880012008BD20
:101B60000020FCE770B505460C46A948007820B176
:101B700001280BD0022817D111E02846FFF7C6FF35
:101B8000A34909780844A249087011E02046FFF7EC
:101B900005FB9F49097808449D49087008E000202A
:101BA0009B490870012070BD00209949087000BF52
:101BB00000BF0020F7E713B5924890F8000608BB75
:101BC0001020904981F8010602218E4880F8021603
:101BD000012180F803169DF8001080F804169DF886
:101BE000011080F805169DF8041080F806169DF87F
:101BF000051080F8071600F20161FF20FEF782FF52
:101C000001201CBD0020FCE713B57E4890F80006BB
:101C100000BB10207B4981F801060221794880F839
:101C2000021680F803169DF8001080F804169DF83F
:101C3000011080F805169DF8041080F806169DF82E
:101C4000051080F8071600F20161FF20FEF75AFF29
:101C500001201CBD0020FCE713B56A4890F800067F
:101C600008BB1020674981F801060221654880F809
:101C70000216082180F803169DF8001080F804165B
:101C80009DF8011080F805169DF8041080F80616DE
:101C90009DF8051080F8071600F20161FF20FEF79D
:101CA00031FF01201CBD0020FCE713B5554890F81A
:101CB000000608BB1020534981F801060221514853
:101CC00080F80216072180F803169DF8001080F8AE
:101CD00004169DF8011080F805169DF8041080F890
:101CE00006169DF8051080F8071600F20161FF2026
:101CF000FEF708FF01201CBD0020FCE770B504467C
:101D00000E4615464348007820B1012819D0022814
:101D100025D11FE0002C09DDA0B23146FFF79CFF62
:101D20003C49097808443B49087009E0614288B29F
:101D30003146FFF7BAFF374909780844354908703A
:101D400011E02846FFF72AFA324909780844314958
:101D5000087008E000202F490870012070BD0020A5
:101D60002C49087000BF00BF0020F7E710B52548D8
:101D700090F8000688B90120224981F80106002167
:101D8000204880F80216032180F8031600F2016152
:101D9000FF20FEF7B7FE012010BD0020FCE710B5C4
:101DA000184890F8000688B90120164981F8010604
:101DB0000021144880F80216042180F8031600F26E
:101DC0000161FF20FEF79EFE012010BD0020FCE710
:101DD00010B50C4890F80006F0B90120094981F8C7
:101DE00001060021074880F80216052180F8031635
:101DF00000F20161FF20FEF785FE012010BD00000A
:101E00008A0000200C020020C00100208C0000206D
:101E10008D0000208E0000200020EFE710B50C4858
:101E200090F8000688B90120094981F801060021CF
:101E3000074880F80216022180F8031600F20161BB
:101E4000FF20FEF75FFE012010BD0020FCE7000030
:101E50000C02002010B504469848B0F94000B0F5D7
:101E6000AF6F0BDD9548B0F94000B0F5C86F05DAEB
:101E70000120934948709349087002E0002090497E
:101E800048708E48B0F93E00B0F5966F06DA8C487F
:101E9000407818B901208A49087002E0002088497A
:101EA00008708848007801284AD18748C0780028FF
:101EB00053D18248B0F93A0040F26C71884210DD8B
:101EC0007E48B0F93C0040F24C41884209DA7B4838
:101ED000B0F93E00884204DA7848B0F94000884200
:101EE00017DB7648B0F9400040F26C71884230DD73
:101EF0007248B0F93C0040F24C41884229DA6F4800
:101F0000B0F93E00884224DA6C48B0F93A008842C1
:101F10001FDA6E480088B0F57A7F12DAD4ED000A35
:101F20006A48008800EE100AB8EE400A9FED681A71
:101F300000EE810ABCEEC00A10EE100A6349088068
:101F400062E0FFF7B7FA0020604908805D49087039
:101F50005AE000205D49088056E05B48C0780128BF
:101F600052D15648B0F93A0040F26C71884210DD07
:101F70005248B0F93C0040F24C41884209DA4F48DF
:101F8000B0F93E00884204DA4C48B0F9400088427B
:101F900017DB4A48B0F9400040F26C71884230DDEE
:101FA0004648B0F93C0040F24C41884229DA4348A7
:101FB000B0F93E00884224DA4048B0F93A0088423D
:101FC0001FDA42480088B0F5967F12DAD4ED000A95
:101FD0003E48008800EE100AB8EE400A9FED3C1A19
:101FE00000EE810ABCEEC00A10EE100A37490880E4
:101FF0000AE0FFF77BFA0020344908803149087075
:1020000002E000203149088010BD10B52E48C0788C
:10201000002844D12948B0F9400040F24C418842A0
:1020200017DA2648B0F93C00884212DA2348B0F9A2
:102030003E0088420DDA2148B0F93A00884208DAB9
:102040002448007838BBFFF791FE01202149087031
:1020500025E01A48B0F9400040F26C7188421BDD5F
:102060001648B0F93C0040F24C41884214DA13485B
:10207000B0F93E0088420FDA1048B0F93A0040F259
:102080006C71884208DD1348007820B9FFF787FE9D
:1020900001201049087002E000200E49087010BDB0
:1020A00010B52DED020B054890F8390020B96846AF
:1020B000FFF7D0FEFFF7A9FF1CBD00009C09002020
:1020C0009000002094000020900900209200002041
:1020D00000007A449500002010B501F0F3FD0120C6
:1020E000F94981F8380081F8390010BD10B501F0C8
:1020F000C5FA642001F0B6FA01F098FB01F024FC67
:10210000642001F0AFFA4FF4E13002F00EF84FF422
:10211000E13002F004F9ED4802F022FAEB4802F057
:1021200008FB642001F09EFAFFF7D6FF01F0EAFAFF
:10213000642001F097FAFEF787F94FF4487001F038
:1021400091FA01F0B8F801F0E7FE012010BD40F669
:10215000C411884203DDDE490978032903DCDC4928
:1021600009780A290DD10021D94A1170D649B1F850
:102170004E10491CD44AA2F84E10012182F850108A
:1021800012E0B0F5967F0FDD40F6B83188420BDAE9
:1021900002B2CD49891CCE4B1B7821F81320CC49C3
:1021A0000978491CCA4A1170704738B50446C9A05D
:1021B00000680090C8484068C749086001F027FAE5
:1021C000C5494860084640680968401A40F6C4118D
:1021D000884202D90020C1490870C04801780078BF
:1021E000401CBE4A1070BE4844541046007819285E
:1021F0007ED1182011460870B94800780F2878D190
:10220000B748007E38B1B648007EB64A12781DF84D
:1022100002108842F3D10020B0490870B0484078DD
:10222000AF49897801F0070140EA0120A649888278
:10223000AB48C0788006400DA949897840EAE100A2
:10224000A149C882A6484079C007400DA449097930
:1022500040EA8100A249C97840EAA1109A4908835E
:102260009F4880790007400D9D49497940EA610007
:10227000954948839A48C0794006400D9849897924
:1022800040EA2110904988839548407A8007400DA4
:102290009349097A40EA41009149C97940EAE1103D
:1022A0008949C8838E48807AC006400D8C49497A96
:1022B00040EAA100844908848948C07AC00088495E
:1022C000897A40EA6111804841848548007B8449CD
:1022D000497B01F0070140EA01207B49888480485E
:1022E000807B8006400D7E49497B40EAE10001E0A9
:1022F00072E067E07449C8847948007CC007400DEB
:102300007749C97B40EA81007549897B40EAA11081
:102310006D4908857248407C0007400D7049097C72
:1023200040EA6100684948856D48807C4006400D60
:102330006B49497C40EA2110634988856848007DE3
:102340008007400D6649C97C40EA41006449897CA8
:1023500040EAE1105C49C8856148407DC006400DF7
:102360005F49097D40EAA100574908865C48807DA5
:10237000C0005B49497D40EA611153484186584895
:10238000C07D514981F83400084690F8340000F0CF
:10239000080040B90846B0F84E00401CA1F84E00B5
:1023A000022081F850004F480078401C4D490870C9
:1023B0000878C11700EB91718910A0EB8101494A9F
:1023C000117009E0002005E0454A411C515C1154A0
:1023D000411CC8B21828F7DB38BD10B50446D4ED4F
:1023E000000A4148008800EE100AB8EE400A9FED4E
:1023F0003F1A00EE810ABCEEC00A10EE100A3A49FC
:10240000088008460088B0F57A7F39DD0020088012
:102410002D48B0F84E002C49C8860846C08E0528C5
:1024200003DA012081F8380003E00020264981F812
:102430003800254890F83800C8B123480078D8B94A
:102440002B480078401C2A490870087800EBD071AE
:102450004910A0EB4101264A11701046007801286E
:1024600002D101F0B0FC07E001F02CFC04E01648BA
:1024700090F850001449087000201349A1F84E004C
:1024800010BD10B52DED020B6846FFF7A6FF0E48F4
:1024900090F8380000286DD10B48007801280DD144
:1024A000002008E00849891C31F81020383121F853
:1024B0001020411CC8B20A28F4DB37E0024800783B
:1024C000022833D100202FE09C09002020A1070022
:1024D00098000020041424349C000020A400002054
:1024E000EE090020A5000020A800002000007A448A
:1024F000A60000202A4931F91010A1F5806100EEF4
:10250000101AF8EEC00A9FED270A9FED271A01EE78
:10251000200ABDEEC00A10EE101A0AB22049263178
:1025200021F81020411CC8B20A28E3DB1C481438EB
:10253000B0F94200B0F5966F06DD19481438B0F9CD
:102540004200B0F5AF6F0DDB15481438B0F942000A
:10255000B0F5C86F0ADD12481438B0F94200B0F582
:10256000E16F03DA01201149087011E000200F49E2
:1025700008700DE001200D490870002006E00022DF
:102580000749263121F81020411CC8B20A28F6DB81
:10259000064800780249143981F839001CBD000052
:1025A000B00900200080BB442FDD243FAA0000209A
:1025B000F0EE400AF5EEC00AF1EE10FA02DBB0EEE2
:1025C000600A7047B1EE600AFBE700B5B0EE403A32
:1025D000B0EE602AB5EEC03AF1EE10FA07D1B5EED2
:1025E000C02AF1EE10FA02D19FEDFC1A99E0B0EE8C
:1025F000430AFFF7DDFFF0EE403AB0EE420AFFF784
:10260000D7FFF0EE402AF4EEE23AF1EE10FA02D2F1
:1026100083EEA24A01E082EEA34A9FEDF10AB4EEF6
:10262000C04AF1EE10FA02D2F0EE441A2DE0DFEDCE
:10263000ED0AB6EE000A14EE200AF0EE404ABDEEB6
:10264000E40A10EE100A00EE100AB8EEC00A34EEEA
:10265000C00AF0EE404AE44901EB800191ED000A26
:10266000F0EE401AE04A411C02EB810191ED000AB4
:10267000114601EB8001D1ED000A70EE600AB0EE68
:10268000610A00EEA40AF0EE401AF4EEE32AF1EE3D
:1026900010FA20DDB5EEC02AF1EE10FA0ADBB5EE35
:1026A000C03AF1EE10FA02DBB0EE611A39E0B1EE99
:1026B000611A36E09FEDCD1AB5EEC03AF1EE10FA90
:1026C00004DB31EE610AB0EE401A2AE031EEC10AB5
:1026D000B0EE401A25E0B5EEC03AF1EE10FA10DB8C
:1026E0009FEDC31AB5EEC02AF1EE10FA04DB31EE0D
:1026F000610AB0EE401A14E031EE210AB0EE401A41
:102700000FE09FEDBC1AB5EEC02AF1EE10FA04DB23
:1027100031EE210AB0EE401A03E031EE610AB0EE6C
:10272000401AB0EE410A00BD00B5B0EE405AF0EEDE
:10273000605AF0EE450AB0EE650AFFF746FF00BDAD
:10274000F0EE400AF6EE001A60EEA11AB0EE611A41
:10275000B0EE600A10EE100AA749A1EB600000EE8F
:10276000100A21EE002AF7EE081A42EE401A61EE36
:10277000801AB0EE610A21EE002AF7EE081A42EE46
:10278000401A61EE801AB0EE610A704700B5F0EEB3
:10279000402AB0EE620AFFF7D3FF20EE220A00BD06
:1027A00010B52DED0A8BB0EE409AF0EE609A9FEDD9
:1027B000930B53EC102B51EC190B0AF009FB18D2B8
:1027C0009FED900B53EC102B51EC190B0AF043FAD0
:1027D00041EC1B0B9FED8D0B53EC102B0AF094F981
:1027E00041EC1A0B53EC192B0AF035FA41EC180B9B
:1027F00017E09FED840B53EC102B51EC190B0AF0F2
:102800002AFA41EC1B0B9FED810B53EC102B0AF0C5
:102810001FFA41EC1A0B53EC192B0AF01CFA41EC8D
:10282000180B9FED760B53EC102B51EC180B0AF0A4
:10283000CFFA20D29FED770B53EC102B51EC180BF5
:102840000AF062F941EC1C0B9FED740B53EC102B5A
:102850000AF001FA41EC1B0B9FED6E0B53EC102BB1
:102860000AF052F941EC1A0B53EC182B0AF0F3F969
:1028700041EC180B1FE09FED670B53EC102B51EC54
:10288000180B0AF0E2F941EC1C0B9FED660B53ECC0
:10289000102B0AF0E0F941EC1B0B9FED5E0B53ECA3
:1028A000102B0AF031F941EC1A0B53EC182B0AF0FB
:1028B000D2F941EC180BB0EE480AF0EE680ABDEC14
:1028C0000A8B10BD10B52DED068BB0EE408AF0EEF0
:1028D000608A01249FED550B53EC102B51EC180B23
:1028E0000AF08EFA0AD89FED510B53EC102B51ECE5
:1028F000180B0AF0AAF941EC180BA41E20460AF0A6
:102900001CFA41EC190BB0EE480AF0EE680AFFF72A
:1029100047FFB0EE40AAF0EE60AA53EC192B51EC41
:102920001A0B0AF098F941EC100BBDEC068B10BDA8
:1029300010B52DED088BB0EE408AF0EE608A0124D0
:102940009FED3C0B53EC102B51EC180B0AF0DCF80C
:1029500041EC180B9FED350B53EC102B51EC180B81
:102960000AF04EFA0AD8A41E9FED300B53EC102B40
:1029700051EC180B0AF069F941EC180B20460AF0EB
:10298000DCF941EC1A0BB0EE480AF0EE680AFFF7EA
:1029900099FFB0EE40BAF0EE60BA53EC1A2B51EC4E
:1029A0001B0B0AF058F941EC190B0AF041FA00EE42
:1029B000100ABDEC088B10BDF0EE401AF4EEE01AE0
:1029C000F1EE10FA3ADD31EEC10AB4EEE00AF1EEB2
:1029D00010FA3CD2B0EE600A39E0000000000000BE
:1029E0008180803B000080438CD00008DB0F494091
:1029F000DB0FC93FDB0FC9BFDF59375F00000000A5
:102A000000000000000000602FF0D93F00000060CF
:102A1000305FF43F000000000000F03F000000C005
:102A2000CCCCCCBF000000C0CCCCCC3FF1D4C85340
:102A3000FB210940F1D4C853FB21F93F31EE810A53
:102A4000B4EEE00AF1EE10FA01DDB0EE600A704774
:102A5000F0EE401AB1EE412A32EE202AB4EEE12A1D
:102A6000F1EE10FA09D231EE202AB4EEE12AF1EEAD
:102A700010FA02DDB0EE600A01E0B0EE610A7047C4
:102A8000F0EE402AB5EEC01AF1EE10FA02DDB0EE1B
:102A9000410A01E0B1EE410AB6EE003A22EE033AF5
:102AA00023EE213AB4EEC30AF1EE10FA06D29FEDFE
:102AB000D40A20EE800AF0EE400A4DE0B5EEC01ACE
:102AC000F1EE10FA02DDB0EE410A01E0B1EE410A8A
:102AD00022EE213AB4EEC30AF1EE10FA06D29FEDCF
:102AE000C90A20EE800AF0EE400A35E0B5EEC01AC1
:102AF000F1EE10FA02DDB0EE410A01E0B1EE410A5A
:102B0000B4EEE10AF1EE10FA06D2B6EE000A20EEBB
:102B1000800AF0EE400A1FE0B5EEC01AF1EE10FA9E
:102B200002DDB0EE410A01E0B1EE410AB0EE003A3A
:102B300021EE833AB4EEC30AF1EE10FA06D29FED0D
:102B4000B20A20EE800AF0EE400A05E09FEDAF0ADF
:102B500020EE800AF0EE400A9FEDAD0A20EE800ADA
:102B600020EE223AF7EE003A83EE830AB7EE003AFF
:102B700030EE030AF7EE003A83EE803A90ED000A59
:102B800071EE403A90ED000A03EE230A80ED000A50
:102B900090ED000AB1EE423A23EE213AB4EEC30AB8
:102BA000F1EE10FA04D8B1EE420A20EE210A0DE04F
:102BB00090ED000A22EE213AB4EEC30AF1EE10FACB
:102BC00002DD22EE210A01E090ED000A80ED000A0C
:102BD00090ED000A31EE400A704710B52DED028BE2
:102BE000B0EE408AF0EE608A9FED8A0B53EC102B1A
:102BF00051EC180B0AF004F90CD29FED880B53EC42
:102C0000102B51EC180B0AF020F841EC100BBDEC26
:102C1000028B10BD9FED830B53EC102B51EC180B66
:102C20000AF0D6F80AD29FED7D0B53EC102B51EC35
:102C3000180B09F069FF41EC100BE8E7B0EE480A09
:102C4000F0EE680AE3E730B505460C46F0EE403A90
:102C5000D5ED000A60EEA00A94ED001AD4ED001A3A
:102C600041EE210AB0EE600AFFF790FDB0EE403A67
:102C7000B5EEC03AF1EE10FA02D81FEDA80A09E04D
:102C8000B4EEE33AF1EE10FA02DDB0EE630A01E0D1
:102C9000B0EE430AB0EE404AB5EEC03AF1EE10FA9B
:102CA00006D11FEDB20A83ED000A82ED000A0FE0A3
:102CB00084EE030AD5ED000A20EE200A82ED000A18
:102CC00084EE030AD4ED000A20EE200A83ED000A08
:102CD00030BDF0EE400A0B7802EB8303C3ED000A2F
:102CE0000B785B1C0B700B78834201DB00230B70AD
:102CF0000B7802EB830393ED000A704700B50246A0
:102D0000B0EE403A0B46F7EE000A43EE430AB0EE4F
:102D1000600AFFF73BFDD2ED000A20EE200AD2ED5B
:102D2000010A00EEC30A83ED000AF7EE000A43EE43
:102D3000430AB0EE600AFFF729FDD2ED010A20EE4A
:102D4000200AD2ED000A00EE830A83ED010A00BDDD
:102D500090ED000AD1ED010A20EE200AD0ED010A23
:102D600091ED001A00EEC10A704790ED000AD1ED16
:102D7000000A20EE200AD0ED010A91ED011A00EEC2
:102D8000810A704790ED010AD1ED020A20EE200A77
:102D9000D0ED020A91ED011A00EEC10A82ED000A9F
:102DA00090ED020AD1ED000A20EE200AD0ED000AD3
:102DB00091ED021A00EEC10A82ED010A90ED000ABF
:102DC000D1ED010A20EE200AD0ED010A91ED001AA2
:102DD00000EEC10A82ED020A704790ED000AD1EDC3
:102DE000000A20EE200AD0ED010A91ED011A00EE52
:102DF000810AD0ED020A91ED021A00EE810A7047B5
:102E00009A99993FCDCC4C3FCDCC4C3ECDCCCC3DCE
:102E1000C3F5C840000000000080664000000000CC
:102E20000080764000000000008066C008B5C648FB
:102E3000D0ED000A9FEDC51AF4EEC10AF1EE10FACA
:102E40000BD2D0ED000AB7EE001A70EE810AC0ED89
:102E5000000A0120BE49887002E00020BC49887049
:102E6000B948D0ED010A9FEDB91AF4EEC10AF1EEAE
:102E700010FA0BD2D0ED010AB7EE001A70EE810AFB
:102E8000C0ED010A01208DF8000002E000208DF85D
:102E90000000AD48D0ED020A9FEDAC1AF4EEC10A75
:102EA000F1EE10FA0BD2D0ED020AB7EE001A70EE76
:102EB000810AC0ED020A01208DF8010002E0002025
:102EC0008DF801009DF8000030B19DF8010018B1A7
:102ED00001209F49C87002E000209D49C87008BDCC
:102EE00030B500220024C5788B1F9D4200D030BD34
:102EF000002306E0C55C1544EAB2A518ECB25D1CDF
:102F0000EBB28D1E9D42F5DC431813F8023C934250
:102F100004D1431813F8013CA34200D0E7E78378BB
:102F2000512B38D103795BB94379894D6B71837922
:102F30005BB2AB71C3795BB2EB71037A2B7183E047
:102F40000379012B12D14379814D2B72C3886B8198
:102F50000389AB81837A2B719FED7E0A7A4B83EDD7
:102F6000010A2B461B785B1C2B706DE00379022B4A
:102F70006AD14379764DAB73C3882B8203896B8208
:102F80004389AB828389EB82C3892B83038A6B835A
:102F9000837C2B7158E08378342B0DD1D0F8073027
:102FA0006B4DEB619FED6B0A674B83ED020A2B467D
:102FB0005B785B1C6B7047E08378012B0DD18388B5
:102FC000634D2B86C3886B860389AB864389EB866A
:102FD00083892B87C3896B8736E08378042B33D1B1
:102FE000B0F9043000EE103AB8EEC00ADFED5A0A2C
:102FF00020EE200A564B83ED080AB0F9063000EEA9
:10300000103AB8EEC00ADFED540A20EE200A504B09
:1030100083ED090AB0F9083000EE103AB8EEC00AA4
:10302000DFED4D0A20EE200A494B83ED0A0AB0F984
:103030000A3000EE103AB8EEC00ADFED470A20EE83
:10304000200A434B83ED0B0A00BF50E710B504463E
:103050004248007838B9AA2C05D101203F490870B0
:103060003F4804706FE03D480078012809D1612C89
:1030700001D0FF2C05D1022038490870384844702F
:1030800061E036480078022805D1032033490870F2
:103090003348847057E03148007803280CD1FA2C6B
:1030A0000ADA04202D4908702D48C4702D48047098
:1030B00000202D49087046E028480078042819D1DE
:1030C00028480078002815DD26480078401E25494C
:1030D00008702548007824490978491C224A117053
:1030E000001D1F490C541F48007840BB05201B4998
:1030F000087028E01948007805280DD106201749E6
:1031000008701948007818490978491C164A117046
:10311000001D13490C5416E01048007806280FD102
:1031200000200E49087010480078001D0C490C540E
:103130000D480078401DC1B20948FFF7D1FE02E0FA
:1031400000200649087010BD780A00200000FA43EC
:10315000080A00200000000017B7D138AD00002099
:10316000440A0020AB000020AC0000200146D548F6
:10317000007800287ED00022D24B1A70D24A1288E2
:10318000C832D14B1A80D14A127DD14B5A76CF4AE0
:10319000D37DCF4A9376CD4A9369CD4AC2F81B308E
:1031A000CA4AD369CA4AC2F81F30C84A526A0A23B7
:1031B00092FBF3F3C64AC2F82330C44A126B0A23C7
:1031C00092FBF3F213B2C24AA2F82730BF4A526B05
:1031D0000A2392FBF3F213B2BD4AA2F82930BB4A8C
:1031E000926B0A2392FBF3F213B2B94AA2F82B3086
:1031F000B64AB2F84C2000EE102AB8EE400ADFEDD5
:10320000B50A20EE200ABCEEC00A10EE100A08B97A
:10321000002204E0C82801D9C82200E00246104676
:10322000AB4A82F82D00A94A526C00EE102AB8EE83
:10323000400ADFEDA80A20EE200ABCEEC00A10EE1C
:10324000100A08B9002204E0C82801D9C82200E009
:10325000024610469E4A82F82E009C4AD26A00EE30
:10326000102AB8EE400ADFED9B0A20EE200ABCEEE1
:10327000C00A00E012E010EE100A08B9002204E0D3
:10328000C82801D9C82200E002461046904A82F8B8
:103290002F000123904A82F8213100BF704710B5FA
:1032A0000E218E4800F0C2FE10BD10B50E218C48D4
:1032B00000F0BCFE10BD10B5642000F0D3F94FF44F
:1032C000165000F038FE322000F0CCF91C21854861
:1032D00000F0ACFE642000F0C5F94FF4964000F019
:1032E0002AFE322000F0BEF91C217E4800F09EFE2E
:1032F000642000F0B7F94FF4164000F01CFE3220B5
:1033000000F0B0F91C21774800F090FE642000F036
:10331000A9F94FF4E13000F00EFE142000F0A2F9FC
:103320000B21714800F082FE142000F09BF90B2164
:103330006E4800F07BFE142000F094F90B216C48DD
:1033400000F074FE142000F08DF90B21694800F0A4
:103350006DFE142000F086F90B21674800F066FE30
:10336000142000F07FF90B21644800F05FFE142068
:1033700000F078F9FFF793FF10BD10B5014600206B
:1033800000225F4B1B782BB9B52903D101235C4C7C
:10339000237095E05A4B1B78012B05D1622903D18C
:1033A0000223574C23708BE0554B1B78022B05D121
:1033B0000323534C2370534B197081E0504B1B78FF
:1033C000032B05D104234E4C23704F4B197077E02B
:1033D0004B4B1B78042B05D10523494C23704B4BD9
:1033E00019706DE0464B1B78052B10D10623444C19
:1033F0002370464B1B7803EB0123454C2380234667
:103400001B88622B5CDB00233D4C237058E03C4B57
:103410001B78062B54DB3A4B1B789B1F3C4C2488B3
:10342000A41CA3420ADA364B1B789B1F274CE1549D
:10343000334B1B785B1C324C237041E0314B1B78C3
:103440000344D8B21318DAB22F4B1B780344D8B216
:103450001318DAB22E4B1B780344D8B21318DAB221
:103460002B4B1B8800EB1323D8B21318DAB20023BE
:1034700007E0164CE45C0444E0B21418E2B25C1CB1
:10348000E3B2234C2488A342F3DB104B204C248866
:103490001B5D834211D10D4C1D4B1B885B1CE35CF3
:1034A00093420AD1174B1B78012B06D1164B1B7880
:1034B000072B02D10123034C23700023104C2370EF
:1034C00010BD0000AE000020B0000020840A0020E3
:1034D000600900200AD7233C0C020020B200002023
:1034E000C0000020EA0000201B010020260100206F
:1034F000310100203C010020470100205201002042
:10350000630100205D0100205E0100205F010020BA
:1035100060010020704700BFFEE700BFFEE700BF6C
:10352000FEE77047704710B5802003F0C4FE10B16D
:10353000802003F016FF10BD10B500F01BFC10BD7D
:10354000704710B50121114807F0ABFD28B10121EA
:103550000E4807F003FEFDF72EFD10BD10B500F07C
:10356000ADFD10BD10B500F09EFE10BD10B500F011
:10357000BBFF10BD10B501F0A0F810BD10B501F0F3
:10358000B0F910BD10B500F071FC10BD0014004082
:103590007FB5684604F0C1FD4FF47A710198B0FB25
:1035A000F1F4E4082146B1F1807F00D31DE021F061
:1035B0007F40401E4FF0E022506150170F2200283C
:1035C00007DA13071E0E314B00F00F052D1F5E5555
:1035D00003E013071D0E2E4B1D5400BF00204FF0BB
:1035E000E02290610720106100BF6FF0040001F03D
:1035F00095FB7FBD2748D0E900305A1C40F1000000
:103600002449C1E90020704722480068704710B57E
:1036100000BF204A11684FF0E02252694FF0E023CA
:103620009B69D21A4FF47A735A434FF0E0235B69D7
:10363000B2FBF3F201EB4103C3EBC11302EBC30096
:10364000144C18CC4B402343E3D110BD30B5044695
:10365000FFF7DDFF054600BFFFF7D9FF401BA04283
:10366000FAD330BD10B5044603E04FF47A70FFF78B
:10367000EDFF201EA4F10104F7D110BD10B54FF4E9
:10368000806001F099FAFFF783FF10BD18ED00E0AC
:1036900000E400E06801002000B58FB0684602F049
:1036A00096FD0121880504F050FE00BF564803F046
:1036B000ABF80028FAD10090544801905448029089
:1036C0000020039032200490002005904FF4806089
:1036D0000690400007908000089000010A90401278
:1036E000099000200B9001200C9000200D900E906E
:1036F0006946454802F015FC0121434802F078FD77
:103700000FB000BD00B58DB001A801F009FC01218A
:10371000042004F01AFE0121080204F0FCFEFFF769
:10372000BBFF03208DF8300020200B9000208DF887
:1037300033000BA9374803F0B9FE00200990079029
:103740004FF48030089000200A9007A801F0F2FBA7
:10375000002001908DF8080001208DF8090000205C
:103760000390059001208DF8180001A927484C38D6
:1037700001F00DFB072301220F2124484C3801F0F2
:103780009EFD012121484C3801F077FF01211F489F
:103790004C3801F080FC01211C484C3801F047FFF7
:1037A0001A484C3801F057FE0DB000BD9FED1A0AC3
:1037B000F0EE400A002010E0154931F8101000EE3C
:1037C000101AB8EE401ADFED151AB0EE600A01EEDD
:1037D000210AF0EE400A411CC8B23228ECDB9FED12
:1037E000101A80EE810A9FED0F1A20EE010AB2EE48
:1037F000061A20EE010AF7EE001A80EE211A9FED5C
:103800000A0A21EE000A7047106402404C20014071
:10381000E80A002000080240000000000AD7A33C8C
:103820000000804500404E456F12833A1CB5684643
:1038300003F0E7FE0121102004F087FD01208DF840
:1038400004008DF8070000208DF8060002208DF896
:103850000500072000906946384803F027FE012044
:103860008DF804008DF8060002208DF805008020F8
:1038700000906946314803F019FE02212F4804F0F8
:103880004BF801212D4804F047F804212B4804F09F
:1038900043F88021294804F03FF81CBD00F00101E5
:1038A00019B10221254A118302E00221234A5183E2
:1038B00000F0020119B10121204A118302E0012127
:1038C0001E4A518300F0040119B104211B4A1183DF
:1038D00002E00421194A518300F0080119B1802146
:1038E000164A518302E08021144A1183704700B5C3
:1038F00000201DE0124931F81010124A1256914270
:1039000004DA0121814019438BB202E00121814098
:103910008B430B4931F81010491C89B2084A22F830
:103920001010142902DB002122F81010411CC8B22B
:103930000428DFDB1846FFF7B1FF00BD001002408E
:10394000740100207001002030B58BB00025D44CEC
:1039500001A803F056FE08A805F063F903A805F0D6
:103960009CFF012C01D8012004E0CE48844200D9FC
:1039700000E0204604460121082004F0A9FD0121B1
:10398000022004F0C8FD0121084604F0C4FD012115
:10399000152004F0DAFC0C20019002208DF80800BC
:1039A00003208DF8090000208DF80A0001208DF811
:1039B0000B0001A9BC4803F079FD02221146BA4868
:1039C00004F088F802220321B74804F083F8B748CE
:1039D00000684008B0FBF4F0401E85B242F210705F
:1039E0000990ADF820500020ADF82800ADF8220075
:1039F00008A9AF4805F08AF86020ADF80C00002057
:103A0000ADF818000120ADF80E004FF47A60059073
:103A100003A9A74805F0E8FD0821A54806F0B1F97B
:103A20000120ADF80E004FF47A60059003A9A0487C
:103A300005F0A2FE08219E4806F0CFF901219C481E
:103A400005F0E9FA01219A4805F0D1FB4FF4D44082
:103A5000019002208DF8080003208DF80900002055
:103A60008DF80A0001208DF80B0001A9914803F0A0
:103A70001DFD012209218F4804F02CF801220B21A1
:103A80008C4804F027F801220D218A4804F022F81E
:103A900001220E21874804F01DF884480068B0FB1D
:103AA000F4F0401E85B242F210700990ADF820503B
:103AB0000020ADF82800ADF822008DF82A0008A9F2
:103AC0007D4805F023F86020ADF80C000020ADF82B
:103AD0001000ADF818000820ADF81A004001ADF84C
:103AE0001C000020ADF81E000120ADF80E004FF4C0
:103AF0007A60059003A9704805F0C1FB08216E4863
:103B000006F0CBF84FF47A60059003A96A4805F0F7
:103B10007EFC0821684806F0FEF84FF47A600590B4
:103B200003A9654805F060FD0821634806F029F9FE
:103B30004FF47A60059003A95F4805F01DFE082147
:103B40005D4806F04AF901215B4807F0FCF80121C5
:103B5000594805F060FA0121574805F048FB4FF439
:103B60004070019002208DF8080003208DF80900B4
:103B700000208DF80A0001208DF80B0001A94F48A4
:103B800003F094FC032208214C4803F0A3FF032216
:103B900009214A4803F09EFF44480068B0FBF4F056
:103BA000401E85B242F210700990ADF820500020FE
:103BB000ADF82800ADF822008DF82A0008A9404889
:103BC00004F0A4FF6020ADF80C000020ADF8100058
:103BD000ADF818000820ADF81A004001ADF81C003F
:103BE0000020ADF81E004FF47A60059003A9344818
:103BF00005F0FAFC0821304806F0C3F84FF47A606B
:103C0000059003A92E4805F0B7FD08212A4806F0C3
:103C1000E4F801212A4807F096F80121284805F028
:103C2000FAF90121264805F0E2FA0BB030BDB0F9EF
:103C30000010890001F57A611F4A1164B0F9021081
:103C4000890001F57A61D163B0F90410890001F5AA
:103C50007A619163B0F90610890001F57A615163C8
:103C6000B0F90810890001F57A61114A40321160FB
:103C7000B0F90A10890001F57A61121F1160B0F9DC
:103C80000C10890001F57A610D4A40321160B0F9DB
:103C90000E10890001F57A61121F11607047000053
:103CA00000093D0000BD0105000002409401002014
:103CB000000C0040001002400000014000080240DB
:103CC0000004014000B587B005A803F09AFC02A8E3
:103CD00006F0BBFE0121022004F0FAFB01210420C2
:103CE00004F033FB1D208DF8040002208DF8050040
:103CF00001208DF806008DF8070001A800F077FF7D
:103D00008020059002208DF8180003208DF81900FE
:103D100000208DF81A0002208DF81B0005A95D48CF
:103D200003F0C4FB022207215A4803F0D3FE5320BC
:103D3000594908800420ADF808000A20ADF80A00AF
:103D40000120ADF80C000020ADF80E00ADF8100019
:103D500002A95148283806F092FD01214E48283822
:103D600005F045FA012204214B48283807F05AF89B
:103D700007B000BD10B548481838008800F00400AE
:103D800000B34FF6FB704449183908804FF6FF30F6
:103D9000088040481030006800F0800090B93E482C
:103DA000283806F0FEFE3D4908800846008849880C
:103DB000401A84B22046FEF7CAF9384800883749CD
:103DC000488000BF10BD00B587B0684603F019FCFD
:103DD0000121202004F09FFB0121042004F0B5FA0A
:103DE00047208DF8080004208DF8090001208DF887
:103DF0000A008DF80B0002A800F0F9FE0822072146
:103E0000244803F067FE8020009002208DF8040013
:103E10008DF8050001208DF8060000208DF80700C0
:103E200069461C4803F042FB1D4803900020ADF892
:103E300010004FF40050ADF81200C010ADF814009F
:103E40000020ADF818000420ADF8160003A91548AD
:103E500007F0DBFE012240F22551124808F071FB09
:103E60000121104808F01AF807B000BD10B540F263
:103E700025510C4808F08BFC58B140F225510948F7
:103E800008F010FD0748001D0088C4B22046FEF768
:103E90008CF910BD00080240280400407C0100207D
:103EA000A0860100001401403EB5044601212020F7
:103EB00004F00EFB1E4804F04DFD01945320ADF8B4
:103EC00000000020ADF80800ADF80200694618486F
:103ED00004F01CFE0121164807F0ADF8012211463E
:103EE000134806F09FFF0121114805F080F90021D9
:103EF000202004F0EDFA3EBD08B537208DF8000013
:103F000007208DF8010001208DF802008DF80300D4
:103F1000684600F06CFE08BD10B54FF47A70FFF7EC
:103F2000C3FFFFF7E9FF0121202004F0D1FA10BD03
:103F300000140040704710B58AB0044606A807F088
:103F400048FF0121102004F0E6FA0121084604F0A0
:103F5000FCF925208DF80C0003208DF80D000020C1
:103F60008DF80E0001208DF80F0003A800F03FFE31
:103F700007220921FE4803F0ADFD07220A21FC4873
:103F800003F0A8FD4FF40070019002208DF80800A6
:103F90008DF8090000208DF80A0001208DF80B0033
:103FA00001A9F34803F082FA4FF4806001900220E7
:103FB0008DF808008DF8090001208DF80A00002016
:103FC0008DF80B0001A9EA4803F070FAE94807F000
:103FD000B7FD06940020ADF81C00ADF81E00ADF84A
:103FE0002000ADF824000C20ADF822000020ADF830
:103FF0001000ADF812004FF40070ADF8140000206E
:10400000ADF8160006A9DB4807F0FFFD04A9D94862
:1040100007F0EBFE012240F22551D64808F091FA54
:104020000121D44807F03AFF0AB010BD70B505462B
:104030000E4600240AE0295DCF4802780078401C33
:10404000CD4B1870CD488154601CC4B2B442F2DB31
:10405000C848808900F0800028B9012240F2277109
:10406000C44808F06EFA70BDC5490A780978491C41
:10407000C34B1970C349885419460978642902DB77
:1040800000211A461170704710B510E0BE490A7839
:104090000978491CBC4B1970BA49885CFFF76DF967
:1040A000B9480078642802DB0020B7490870B4489A
:1040B0000078B54909788842E8D110BD10B5AD48FF
:1040C000008800F0080010B1AA488088C4B240F20D
:1040D0002551A84808F05BFB50B140F22551A54896
:1040E00008F0E0FBA3488088C4B22046FFF7BCFF7D
:1040F00040F227719F4808F04AFBA8B1A348017815
:104100000078401CA14A10709C48405C9949888006
:104110001046007898490978884205D195488089E9
:1041200020F080009349888110BD10B58AB0044604
:1041300006A807F04EFE0121480404F0C9F9012148
:10414000082004F002F926208DF80C0004208DF8D8
:104150000D0001208DF80E008DF80F0003A800F06F
:1041600046FD072205218A4803F0B4FC07220621F8
:10417000874803F0AFFC2020019002208DF8080052
:104180008DF8090000208DF80A0001208DF80B0041
:1041900001A97F4803F08AF94020019002208DF8A0
:1041A00008008DF8090001208DF80A0000208DF824
:1041B0000B0001A9764803F079F906940020ADF8C8
:1041C0001C00ADF81E00ADF82000ADF824000C2056
:1041D000ADF822000020ADF81000ADF812004FF449
:1041E0000070ADF814000020ADF8160006A969486B
:1041F00007F00BFD04A9674807F0F7FD012240F224
:104200002551644808F09DF90121624807F046FEF7
:104210000AB010BD70B505460E4600240AE0295DBF
:104220005D4802780078401C5B4B18705B488154F5
:10423000601CC4B2B442F2DB56480C30008800F077
:10424000800028B9012240F22771524808F079F91C
:1042500070BD53490A780978491C514B197051496E
:10426000885419460978642902DB00211A46117026
:10427000704710B510E04C490A780978491C4A4B40
:1042800019704849885C08F0DDFB474800786428CD
:1042900002DB00204449087041480078424909780F
:1042A0008842E8D110BD10B53A48008800F00800F7
:1042B00018B13848001D0088C4B240F22551354875
:1042C00008F065FA58B140F22551324808F0EAFA90
:1042D0003048001D0088C4B22046FFF7BAFF40F204
:1042E00027712C4808F053FAC0B1304801780078A3
:1042F000401C2E4A10702948405C2649091D088040
:104300001046007824490978884207D121480C30AA
:10431000008820F080001F490C31088010BD10B5C6
:104320008AB0044606A807F054FD0121880404F071
:10433000CFF80121022004F008F827208DF80C00A6
:1043400002208DF80D0000208DF80E0001208DF860
:104350000F0003A800F04BFC07220A21144803F0C9
:10436000B9FB07220B21124803F0B4FB22E0000046
:104370000000024000100140810100204C0B002091
:10438000820100204C0C00208301002080010020CD
:10439000000C02400044004085010020B00C0020C9
:1043A00086010020B00D002087010020840100203C
:1043B000000402404FF48060019002208DF8080054
:1043C0008DF8090000208DF80A0001208DF80B00FF
:1043D00001A9FE4803F06AF84FF400600190022042
:1043E0008DF808008DF8090001208DF80A000020E2
:1043F0008DF80B0001A9F54803F058F80694002049
:10440000ADF81C00ADF81E00ADF82000ADF824009A
:104410000C20ADF822000020ADF81000ADF812001D
:104420004FF40070ADF814000020ADF8160006A996
:10443000E74807F0EAFB04A9E54807F0D6FC0122AB
:1044400040F22551E24808F07CF80121E04807F0ED
:1044500025FD0AB010BD70B505460E4600240AE0E1
:10446000295DDC4802780078401CDA4B1870DA4885
:104470008154601CC4B2B442F2DBD5480C300088D1
:1044800000F0800028B9012240F22771D04808F0DE
:1044900058F870BDD1490A780978491CCF4B19707A
:1044A000CF49885419460978642902DB00211A464D
:1044B0001170704710B510E0CA490A780978491C94
:1044C000C84B1970C649885C08F0BCFAC54800782A
:1044D000642802DB0020C3490870C0480078C14945
:1044E00009788842E8D110BD10B5B948008800F0BD
:1044F000080018B1B648001D0088C4B240F225512A
:10450000B34808F044F958B140F22551B04808F0DA
:10451000C9F9AF48001D0088C4B22046FFF7BAFFB2
:1045200040F22771AA4808F032F9C0B1AE480178CC
:104530000078401CAC4A1070A748405CA449091D93
:10454000088010460078A3490978884207D1A0481E
:104550000C30008820F080009D490C31088010BD8F
:1045600010B588B0044604A807F033FC0121C80444
:1045700003F0AEFF0121084603F0E7FE34208DF87A
:104580000C0003208DF80D0001208DF80E008DF831
:104590000F0003A800F02BFB08220021934803F032
:1045A00099FA08220121914803F094FA0120019020
:1045B00002208DF808008DF8090000208DF80A000F
:1045C00001208DF80B0001A9884802F06FFF02203E
:1045D00001908DF808008DF8090001208DF80A007F
:1045E00000208DF80B0001A9804802F05FFF0494C1
:1045F0000020ADF81400ADF81600ADF81800ADF8C5
:104600001C000C20ADF81A0004A9794807F0FDFA47
:10461000012240F22551764807F093FF01217448AA
:1046200007F03CFC08B010BD70B505460E460024EE
:104630000AE0295D6F4802780078401C6D4B1870C5
:104640006D488154601CC4B2B442F2DB68480C303F
:10465000008800F0800028B9012240F227716448E8
:1046600007F06FFF70BD65490A780978491C634BF4
:1046700019706349885419460978642902DB0021BE
:104680001A461170704710B510E05E490A78097833
:10469000491C5C4B19705A49885CFEF7D7FC594895
:1046A0000078642802DB00205649087053480078DF
:1046B000544909788842E8D110BD10B54C480088AB
:1046C00000F0080018B14A48001D0088C4B240F24A
:1046D0002551474808F05BF858B140F2255144484D
:1046E00008F0E0F84248001D0088C4B22046FFF7F9
:1046F000BAFF40F227713E4808F049F8C0B142487D
:1047000001780078401C404A10703B48405C3849B2
:10471000091D08801046007836490978884207D17B
:1047200033480C30008820F0800031490C3108807B
:1047300010BD10B588B0044604A807F04AFB01215B
:10474000080503F0C5FE0121042003F0FEFD012150
:10475000082003F0FAFD35208DF80C0001208DF8BB
:104760000D0000208DF80E0001208DF80F0003A829
:1047700000F03DFA08220C21244803F0ABF908228E
:104780000221234803F0A6F94FF480500190022043
:104790008DF808008DF8090000208DF80A0001202E
:1047A0008DF80B0001A9194802F080FE0420019049
:1047B00002208DF808008DF8090001208DF80A000C
:1047C00000208DF80B0001A9114823E000040240ED
:1047D0000048004089010020140E00208A010020BA
:1047E000140F00208B0100208801002000000240EF
:1047F000004C00408D010020780F00208E01002029
:10480000781000208F0100208C0100200008024059
:10481000000C024002F04AFE04940020ADF814009F
:10482000ADF81600ADF81800ADF81C000C20ADF87E
:104830001A0004A94C4807F0E8F9012240F225517A
:10484000494807F07EFE0121474807F027FB08B0E2
:1048500010BD70B505460E4600240AE0295D4348A8
:1048600002780078401C414B187041488154601C0C
:10487000C4B2B442F2DB3C48808900F0800028B921
:10488000012240F22771384807F05BFE70BD3949BC
:104890000A780978491C374B1970374988541946EA
:1048A0000978642902DB00211A461170704710B59F
:1048B00010E032490A780978491C304B19702E49AA
:1048C000885CFBF71CFF2D480078642802DB002081
:1048D0002A49087027480078284909788842E8D191
:1048E00010BD10B52048008800F0080010B11E4827
:1048F0008088C4B240F225511B4807F048FF50B1F0
:1049000040F22551184807F0CDFF17488088C4B2FF
:104910002046FFF7BCFF40F22771134807F037FF2E
:10492000A8B1174801780078401C154A107010484B
:10493000405C0D498880104600780C49097888420F
:1049400005D10948808920F080000749888110BD81
:1049500010B5FFF799FBFFF78CFCFFF7ABFDFFF7F6
:1049600092FEFFF7A4FF10BD00500040910100200F
:10497000DC10002092010020DC11002093010020B7
:10498000900100200648804706480047FEE7FEE702
:10499000FEE7FEE7FEE7FEE7FEE7FEE7FEE7FEE7EF
:1049A000854A0008890100080CB50020019000909C
:1049B0007648006840F480307449086000BF73484E
:1049C000006800F4003000900198401C01900098AD
:1049D00018B90198B0F5A06FF1D16C48006800F4E7
:1049E000003010B10120009001E0002000900098FC
:1049F000012846D165484030006840F08050634946
:104A0000403108606248006840F4804060490860B6
:104A10005E48083000685D49083108600846006853
:104A200040F4004008600846006840F4A050086068
:104A30005848091F0860081F006840F08070091F6F
:104A4000086000BF5148006800F000700028F9D0ED
:104A500040F20560504908604C480830006820F07A
:104A600003004A49083108600846006840F0020027
:104A7000086000BF45480830006800F00C000828B6
:104A8000F8D10CBD10B54548006840F470004349AA
:104A900008603E48006840F001003C490860002082
:104AA0003A4908310860394800683D4908403749AB
:104AB00008603C48091D0860081F006820F4802039
:104AC000091F0860002031490C310860FFF76CFFB6
:104AD0004FF0006031498039086010BD70B500208A
:104AE0000022022300240221284D08352D6805F0FC
:104AF0000C0020B1042806D0082834D107E02A4D44
:104B00002A4E356033E02A4D284E35602FE01F4D88
:104B10002D1D2D68C5F380541C4D2D1D2D6805F0ED
:104B20003F0154B1224DB5FBF1F5184E361D3668E4
:104B3000C6F3881605FB06F209E01B4DB5FBF1F53F
:104B4000124E361D3668C6F3881605FB06F20F4D69
:104B50002D1D2D68C5F301456D1C6B00B2FBF3F5EF
:104B6000124E356003E0104D104E356000BF00BF9F
:104B7000064D08352D68C5F303150E4E705D0B4DBF
:104B80002D68C540094E356070BD000000380240F8
:104B90000070004008544007003C024088ED00E0EF
:104BA000FFFFF6FE103000240024F40094010020E2
:104BB00000127A009801002010B50446B4F5E06FA9
:104BC0000BD0B4F5C06F08D0B4F5A06F05D0B4F524
:104BD000806F02D0B4F5407F00D103E073215F48BD
:104BE000FBF7DCFA5E4820435E49086010BD2DE902
:104BF000F0410446002500270F26E07810B1E07848
:104C0000012800D103E087215448FBF7C7FA6078F8
:104C1000102800DA03E088215048FBF7BFFAA0789B
:104C2000102800DA03E089214C48FBF7B7FAE07856
:104C300018B34C48006800F4E060C0F5E060C0F3D1
:104C40000725C5F10400C7B22E416078B840C5B24F
:104C5000A078304005432807050E43482178455485
:104C6000207800F01F010120884021784911890037
:104C700001F1E021C1F8000109E0207800F01F01F6
:104C80000120884039492278521141F82200BDE8BC
:104C9000F08170B504460D46B4F1005F02D0B4F166
:104CA000006F00D103E0B1212C48FBF777FA3048C0
:104CB000854200D203E0B2212848FBF76FFA2D4964
:104CC00005EA010020432749091F086070BD70B53F
:104CD00004460D46102C03D0042C01D0022C00D128
:104CE00003E0C4211D48FBF759FA0DB1012D00D195
:104CF00003E0C5211948FBF751FA3DB11948001DE1
:104D0000006820431749091D086006E01548001D8A
:104D10000068A0431349091D086070BD10B5044622
:104D2000042C01D0601D00B903E0DC210B48FBF727
:104D300035FA042C08D14FF0E020006940F004005F
:104D40004FF0E021086107E04FF0E020006920F01B
:104D500004004FF0E021086110BD000090D400086D
:104D60000000FA050CED00E000E400E080E100E066
:104D7000FFFF0F0080FFFF1F10B50121080203F0A5
:104D80008DFC00214FF4807003F088FC10BD2DE9EC
:104D9000F04105460C4600260027F748854205D01D
:104DA000F648854202D0F648854200D103E0E92169
:104DB000F448FBF7F3F9206858B12068B0F1807F20
:104DC00007D02068B0F1007F03D02068B0F1407FA9
:104DD00000D103E0EA21EB48FBF7E0F9207910B1BC
:104DE0002079012800D103E0EB21E648FBF7D6F952
:104DF000607910B16079012800D103E0EC21E1482D
:104E0000FBF7CCF9A06858B1A068B0F1805F07D07B
:104E1000A068B0F1005F03D0A068B0F1405F00D19E
:104E200003E0ED21D748FBF7B9F9E068D8B3E068B3
:104E3000B0F1807F37D0E068B0F1007F33D0E06818
:104E4000B0F1407F2FD0E068B0F1806F2BD0E068E8
:104E5000B0F1A06F27D0E068B0F1C06F23D0E06858
:104E6000B0F1E06F1FD0E068B0F1006F1BD0E068D8
:104E7000B0F1106F17D0E068B0F1206F13D0E06888
:104E8000B0F1306F0FD0E068B0F1406F0BD0E06848
:104E9000B0F1506F07D0E068B0F1606F03D0E06808
:104EA000B0F1706F00D103E0EE21B648FBF776F960
:104EB000206918B12069B0F5006F00D103E0EF213F
:104EC000B048FBF76BF9207D012803DB207D10281B
:104ED00000DC03E0F021AB48FBF760F96E68AA48FC
:104EE00006402179206840EA012006436E60AE68E2
:104EF000A6480640D4E903100843A1680843617935
:104F000040EA41000643AE60EE6A26F47006207D5A
:104F1000401EC0B2074346EA0756EE62BDE8F08184
:104F200000210160017141718160C1600161012155
:104F30000175704770B504460025206818B32068D5
:104F4000012820D0206802281DD0206805281AD00A
:104F50002068062817D02068072814D02068092860
:104F600011D0206811280ED0206812280BD020689C
:104F7000152808D02068162805D02068172802D0E8
:104F80002068192800D104E04FF4A9717D48FBF78F
:104F900005F9606858B16068B0F5803F07D0606877
:104FA000B0F5003F03D06068B0F5403F00D104E0A9
:104FB00040F253117348FBF7F1F8A06858B1A068AC
:104FC000B0F5804F07D0A068B0F5004F03D0A068BF
:104FD000B0F5404F00D104E04FF4AA716948FBF7E7
:104FE000DDF8E068D8B3E068B0F5807F37D0E068DE
:104FF000B0F5007F33D0E068B0F5407F2FD0E06897
:10500000B0F5806F2BD0E068B0F5A06F27D0E068D6
:10501000B0F5C06F23D0E068B0F5E06F1FD0E06856
:10502000B0F5006F1BD0E068B0F5106F17D0E068E6
:10503000B0F5206F13D0E068B0F5306F0FD0E068A6
:10504000B0F5406F0BD0E068B0F5506F07D0E06866
:10505000B0F5606F03D0E068B0F5706F00D104E088
:1050600040F255114748FBF799F849480568494807
:105070000540D4E900010843A1680843E1680843FA
:1050800005433D48C0F8045370BD002101604160F4
:105090008160C160704770B504460D463648844251
:1050A00005D03648844202D03548844200D104E01D
:1050B00040F28B113348FBF771F80DB1012D00D18F
:1050C00004E04FF4C6712F48FBF768F825B1A068DB
:1050D00040F00100A06003E0A06820F00100A060A3
:1050E00070BD70B505460C4600262348854205D0A4
:1050F0002248854202D02248854200D104E04FF484
:10510000E3712048FBF74AF8234884420FD0234834
:1051100084420CD02248844209D0B4F5000F06D056
:10512000B4F5800F03D0B4F5400F00D004B904E00B
:1051300040F2C7111348FBF731F86E681848C043B6
:10514000064026436E6070BD70B504460E46154697
:105150000948844205D00948844202D00848844264
:1051600000D104E040F2E3110648FBF717F8B6F56A
:10517000805F17DA1BE000000020014000210140A1
:1051800000220140D8D40008FFFEFFFCFDF7FFC05D
:1051900004230140E030FCFF0002800000024000D8
:1051A0000002C0004FF4F271FD48FAF7F7FFB5F5C1
:1051B000805F00DA04E040F2E511F948FAF7EEFF0B
:1051C0006662A56270BD70B505460C460026F548BE
:1051D000854205D0F448854202D0F448854200D18A
:1051E00004E04FF40371EE48FAF7D8FF1CB3012C2A
:1051F00021D0022C1FD0032C1DD0042C1BD0052C39
:1052000019D0062C17D0072C15D0082C13D0092C38
:1052100011D00A2C0FD00B2C0DD00C2C0BD00D2C38
:1052200009D00E2C07D00F2C05D0102C03D0112C38
:1052300001D0122C00D104E040F20D21D848FAF739
:10524000ADFF6E6826F01F0626436E6070BD10B578
:1052500004460CB1012C00D104E04FF41371D04886
:10526000FAF79CFF3CB1D248006840F40000CD49F9
:10527000C1F8040306E0CE48006820F40000C949E4
:10528000C1F8040310BD10B504460CB1012C00D1C7
:1052900004E040F26221C248FAF780FF3CB1C44802
:1052A000006840F48000BF49C1F8040306E0C0482C
:1052B000006820F48000BB49C1F8040310BD2DE94B
:1052C000F04706460C46174698460025A946B548BD
:1052D000864205D0B448864202D0B448864200D106
:1052E00004E04FF43271AE48FAF758FF1CB3012CBA
:1052F00021D0022C1FD0032C1DD0042C1BD0052C38
:1053000019D0062C17D0072C15D0082C13D0092C37
:1053100011D00A2C0FD00B2C0DD00C2C0BD00D2C37
:1053200009D00E2C07D00F2C05D0102C03D0112C37
:1053300001D0122C00D104E040F2C9219848FAF7BC
:105340002DFF012F02DB102F00DC04E040F2CA2108
:105350009348FAF723FFB8F1000F14D0B8F1010F0A
:1053600011D0B8F1020F0ED0B8F1030F0BD0B8F185
:10537000040F08D0B8F1050F05D0B8F1060F02D020
:10538000B8F1070F00D104E040F2CB218448FAF7CE
:1053900005FF092C13DDF568A4F10A0000EB4001BC
:1053A000072000FA01F925EA0905A4F10A0000EB3B
:1053B000400008FA00F945EA0905F5600EE0356994
:1053C00004EB4401072000FA01F925EA090504EB82
:1053D000440008FA00F945EA09053561072F11DA9A
:1053E000756B781E00EB80011F2000FA01F925EA99
:1053F0000905781E00EB800004FA00F945EA09056A
:10540000756326E00D2F11DA356BF81F00EB800174
:105410001F2000FA01F925EA0905F81F00EB8000BA
:1054200004FA00F945EA0905356312E0F56AA7F1C7
:105430000D0000EB80011F2000FA01F925EA0905A3
:10544000A7F10D0000EB800004FA00F945EA090518
:10545000F562BDE8F08710B504465248844205D095
:105460005148844202D05148844200D104E040F2C5
:105470003F314B48FAF792FEA06840F08040A060B0
:1054800010BD70B5044600254648844205D0464804
:10549000844202D04548844200D104E040F24E31BB
:1054A0003F48FAF77BFEA06800F4800008B10125B0
:1054B00000E00025284670BD70B504460D46394809
:1054C000844205D03848844202D03848844200D112
:1054D00004E040F26B313248FAF760FE0DB1012D65
:1054E00000D104E04FF45B712D48FAF757FE25B167
:1054F000A06840F48060A06003E0A06820F48060B1
:10550000A06070BD70B504460D462648844205D0A3
:105510002548844202D02548844200D104E04FF45B
:1055200061711F48FAF73AFE0DB1012D00D104E078
:1055300040F285311A48FAF731FE25B1A06840F0F3
:105540000200A06003E0A06820F00200A06070BD2F
:105550002DE9F04104460D460026002711488442FB
:1055600005D01148844202D01048844200D104E0A2
:1055700040F2A1310A48FAF711FE012D02DB082D95
:1055800000DC04E040F2A2310548FAF707FE666845
:1055900026F460466F1E46EA47366660BDE8F08135
:1055A000D8D4000800200140002101400022014021
:1055B0000423014070B504460D46F948844205D0E5
:1055C000F848844202D0F848844200D104E040F216
:1055D000BE31F648FAF7E2FD0DB1012D00D104E02D
:1055E00040F2BF31F148FAF7D9FD25B1606840F4C7
:1055F0000060606003E0606820F40060606070BD7F
:1056000010B50446E648844205D0E648844202D0FC
:10561000E548844200D104E040F2D531E348FAF78E
:10562000BDFDE06C80B210BDE1480068704770B508
:1056300004460D46DA48844205D0DA48844202D056
:10564000D948844200D104E040F21B41D748FAF720
:10565000A5FD0DB1012D00D104E040F21C41D3485D
:10566000FAF79CFD25B1A06840F48070A06003E0CB
:10567000A06820F48070A06070BD70B504460D462F
:10568000C748844205D0C748844202D0C6488442F5
:1056900000D104E040F23341C448FAF77FFD0DB178
:1056A000012D00D104E040F23441C048FAF776FD04
:1056B00025B1A06840F40070A06003E0A06820F469
:1056C0000070A06070BD10B504460CB1012C00D173
:1056D00004E040F24E41B548FAF760FD44B1B448E9
:1056E000001F006840F40050AD49C1F8040307E012
:1056F000AF48001F006820F40050A949C1F8040316
:1057000010BD2DE9F04706460C4691461D46002780
:10571000B846BA46A248864205D0A248864202D080
:10572000A148864200D104E040F2A6419F48FAF722
:1057300035FD1CB3012C21D0022C1FD0032C1DD011
:10574000042C1BD0052C19D0062C17D0072C15D0F3
:10575000082C13D0092C11D00A2C0FD00B2C0DD0F3
:105760000C2C0BD00D2C09D00E2C07D00F2C05D0F3
:10577000102C03D0112C01D0122C00D104E040F2E7
:10578000A7418A48FAF70AFDB9F1010F03DBB9F125
:10579000040F00DC04E04FF495618448FAF7FEFC46
:1057A0006DB1012D0BD0022D09D0032D07D0042D92
:1057B00005D0052D03D0062D01D0072D00D104E022
:1057C00040F2A9417948FAF7E9FC092C13DDF768A2
:1057D000A4F10A0000EB4001072000FA01F827EAD3
:1057E0000807A4F10A0000EB400005FA00F847EAB8
:1057F0000807F7600EE0376904EB4401072000FA60
:1058000001F827EA080704EB440005FA00F847EA24
:1058100008073761B76BC7F3015A09F103000AF1B2
:105820000101401A00EB80011F2000FA01F827EA6D
:10583000080709F103000AF10101401A00EB80009A
:1058400004FA00F847EA0807B763BDE8F0872DE9D6
:10585000F04104460D46002600275148844205D0F9
:105860005048844202D05048844200D104E040F2C3
:10587000E6414E48FAF792FC012D02DB042D00DCD4
:1058800004E040F2E7414948FAF788FCA66B26F4A9
:1058900040166F1E46EA0756A663BDE8F081F8B5CC
:1058A00005460C461646002000903D48854205D02E
:1058B0003C48854202D03C48854200D104E04FF488
:1058C000A1613A48FAF76AFC142C05D0182C03D0D1
:1058D0001C2C01D0202C00D104E040F209513348A7
:1058E000FAF75CFCB6F5805F00DA04E040F20A519A
:1058F0002E48FAF753FC0095009820440090009839
:105900000660F8BD70B505460C4600262448854261
:1059100005D02448854202D02348854200D104E0C6
:1059200040F22E512148FAF739FC64B3B4F5803FB8
:1059300029D0B4F5003F26D0B4F5403F23D0B4F5CC
:10594000802F20D0B4F5A02F1DD0B4F5C02F1AD0D1
:10595000B4F5E02F17D0B4F5002F14D0B4F5102F04
:1059600011D0B4F5202F0ED0B4F5302F0BD0B4F5F4
:10597000402F08D0B4F5502F05D0B4F5602F02D0D9
:10598000B4F5702F00D104E040F22F510748FAF728
:1059900005FCAE6826F470262643AE6070BD00009C
:1059A000002001400021014000220140D8D400081D
:1059B0000823014070B504460D460026E1488442A4
:1059C00005D0E148844202D0E048844200D104E09E
:1059D0004FF4AA61DE48FAF7E1FB45B1B5F5801F47
:1059E00005D0B5F5001F02D0B5F5401F00D104E089
:1059F00040F25151D648FAF7D1FBA66826F440167A
:105A00002E43A66070BD10B50446CE48844205D032
:105A1000CD48844202D0CD48844200D104E040F217
:105A20006451CB48FAF7BAFBA06840F48000A0604C
:105A300010BD70B504460025C248844205D0C24856
:105A4000844202D0C148844200D104E040F2725145
:105A5000BF48FAF7A3FBA06800F4800008B1012555
:105A600000E00025284670BD70B504460D46B548D7
:105A7000844205D0B448844202D0B448844200D164
:105A800004E040F28E51B248FAF788FB0DB1012DC7
:105A900000D104E040F28F51AD48FAF77FFB25B109
:105AA000606840F48060606003E0606820F48060BB
:105AB000606070BD70B504460D46A248844205D0B2
:105AC000A148844202D0A148844200D104E04FF4AE
:105AD000B5619F48FAF762FB0DB1012D00D104E0DA
:105AE00040F2A9519A48FAF759FB25B1606840F491
:105AF0008050606003E0606820F48050606070BD9A
:105B000038B505460C46002000908E48854205D0E9
:105B10008D48854202D08D48854200D104E040F294
:105B2000C6518B48FAF73AFB142C05D0182C03D039
:105B30001C2C01D0202C00D104E040F2C751844835
:105B4000FAF72CFB009504F1280000990844009016
:105B50000098006880B238BD2DE9F04104460D463A
:105B6000164600277748844205D07748844202D001
:105B70007648844200D104E040F231617448FAF77B
:105B80000DFB0EB1012E00D104E040F232617048ED
:105B9000FAF704FB40F2052085420AD0B5F5837F71
:105BA00007D040F20740854203D042F21A008542F6
:105BB00000D104E040F233616548FAF7EFFAEFB242
:105BC000012000FA07F71EB160683843606002E008
:105BD0006068B8436060BDE8F08170B505460C466A
:105BE00000265848854205D05748854202D057487C
:105BF000854200D104E040F256615548FAF7CEFAEA
:105C0000012C09D0022C07D0042C05D0082C03D07D
:105C1000102C01D0202C00D104E040F257614C48F8
:105C2000FAF7BCFA2868204008B1012600E00026F7
:105C3000304670BD70B504460D464248844205D0DA
:105C40004148844202D04148844200D104E04FF4EC
:105C5000CF613F48FAF7A2FA05F0C00008B905B1D4
:105C600004E040F279613A48FAF798FAE843206094
:105C700070BD2DE9F04105460C4600260027B046D0
:105C80003048854205D03048854202D02F488542B1
:105C900000D104E04FF4D2612D48FAF77FFA40F2C8
:105CA000052084420AD0B4F5837F07D040F2074034
:105CB000844203D042F21A00844200D104E040F250
:105CC00091612348FAF76AFA271268680121A14016
:105CD00000EA01082868384020B1B8F1000F01D06F
:105CE000012600E000263046BDE8F08170B505468B
:105CF0000C4600261348854205D01348854202D041
:105D00001248854200D104E040F2B7611048FAF72A
:105D100045FA40F2052084420AD0B4F5837F07D0CB
:105D200040F20740844203D042F21A00844200D17C
:105D300004E04FF4D7610648FAF730FA2612F04330
:105D4000286070BD00200140002101400022014078
:105D5000D8D4000810B50446FE4884423AD0FD4825
:105D60001830844236D0FB483030844232D0F94873
:105D7000483084422ED0F748603084422AD0F5481B
:105D80007830844226D0F3489030844222D0F148C3
:105D9000A83084421ED0F04884421BD0EE48183010
:105DA000844217D0EC483030844213D0EA4848305F
:105DB00084420FD0E848603084420BD0E648783007
:105DC000844207D0E4489030844203D0E248A830AF
:105DD000844200D103E0BF21E048FAF7DFF92068F0
:105DE00020F001002060002020606060A060E06082
:105DF000206121206061D748844204D13D20D549EB
:105E0000103988608CE0D3481830844205D14FF4B3
:105E10007460D0491039886082E0CE4830308442C6
:105E200005D14FF47410CB491039886078E0C94827
:105E30004830844205D14FF07460C64910398860FB
:105E40006EE0C4486030844204D1C548C14910396D
:105E5000C86065E0BF487830844204D1C148BD497C
:105E60001039C8605CE0BB489030844204D1BE4821
:105E7000B8491039C86053E0B648A830844205D10B
:105E80004FF03D50B3491039C86049E0B2488442F0
:105E900004D13D20B0490839086041E0AE481830CF
:105EA000844205D14FF47460AB490839086037E08B
:105EB000A9483030844205D14FF47410A6490839FE
:105EC00008602DE0A4484830844205D14FF074604A
:105ED000A1490839086023E09F486030844204D11A
:105EE0009F489D49091F08601AE09B48783084420A
:105EF00004D19C489849091F086011E096489030E9
:105F0000844204D198489449091F086008E09248E7
:105F1000A830844204D14FF03D508F49091F0860DA
:105F200010BD70B505460C4600268A4885423AD019
:105F300088481830854236D086483030854232D085
:105F40008448483085422ED08248603085422AD02D
:105F500080487830854226D07E489030854222D0D5
:105F60007C48A83085421ED07B4885421BD07A48A9
:105F70001830854217D078483030854213D07648A3
:105F8000483085420FD07448603085420BD072484B
:105F90007830854207D070489030854203D06E48F3
:105FA000A830854200D104E04FF49E716B48FAF7A7
:105FB000F5F82068D8B12068B0F1007F17D02068CC
:105FC000B0F1806F13D02068B0F1C06F0FD020689F
:105FD000B0F1006F0BD02068B0F1206F07D02068BF
:105FE000B0F1406F03D02068B0F1606F00D104E0E1
:105FF00040F23D115948FAF7D1F8E06828B1E0685D
:10600000402802D0E068802800D104E04FF49F715E
:106010005248FAF7C3F8206920B12069B0F5803FF3
:1060200000D204E040F23F114C48FAF7B7F860693B
:10603000B0F5007F01D0606900B904E04FF4A071B1
:106040004648FAF7ABF8A069B0F5806F01D0A069B7
:1060500000B904E040F241114048FAF79FF8E069C6
:1060600038B1E069B0F5006F03D0E069B0F5805F4A
:1060700000D104E04FF4A1713848FAF78FF8206A94
:1060800038B1206AB0F5005F03D0206AB0F5804FC8
:1060900000D104E040F243113048FAF77FF8606A1B
:1060A00018B1606AB0F5807F00D104E04FF4A271AE
:1060B0002A48FAF773F8A06A58B1A06AB0F5803F91
:1060C00007D0A06AB0F5003F03D0A06AB0F5403F0A
:1060D00000D104E040F245112048FAF75FF8E06A89
:1060E00010B1E06A042800D104E04FF4A3711B480A
:1060F000FAF754F8206B40B1206B012805D0206BD3
:10610000022802D0206B032800D104E040F247119E
:106110001248FAF743F8606B58B1606BB0F5000FA6
:1061200007D0606BB0F1807F03D0606BB0F1C07FAF
:1061300000D104E04FF4A4710848FAF72FF8A06BDF
:10614000C0B1A06BB0F5001F14D0A06BB0F5800FEC
:1061500010D00BE010600240106402402CD5000803
:106160003D000020400F002000003D20A06BB0F556
:10617000C00F00D104E040F24911FE48FAF70EF8D2
:106180002E68FD480640E1682068084361690843BD
:10619000A1690843E1690843216A0843616A084329
:1061A000A16A0843616B0843A16B084306432E6054
:1061B0006E6926F00706D4E90B01084306436E61B9
:1061C000206968606068A860A068E86070BD002110
:1061D000016041608160C160016141618161C161B3
:1061E000016241628162C162016341638163704700
:1061F00070B504460D46E14884423AD0DF48183075
:10620000844236D0DD483030844232D0DB484830DA
:1062100084422ED0D948603084422AD0D748783082
:10622000844226D0D5489030844222D0D348A8302A
:1062300084421ED0D24884421BD0D14818308442B8
:1062400017D0CF483030844213D0CD4848308442F4
:106250000FD0CB48603084420BD0C948783084429C
:1062600007D0C7489030844203D0C548A830844244
:1062700000D104E040F2D911BE48F9F78FFF0DB10B
:10628000012D00D104E04FF4ED71BA48F9F786FF13
:1062900025B1206840F00100206003E0206820F074
:1062A0000100206070BD70B504460D46B3488442BD
:1062B0003AD0B2481830844236D0B04830308442A8
:1062C00032D0AE48483084422ED0AC486030844250
:1062D0002AD0AA487830844226D0A84890308442F8
:1062E00022D0A648A83084421ED0A54884421BD0A4
:1062F000A3481830844217D0A1483030844213D0CC
:106300009F48483084420FD09D48603084420BD073
:106310009B487830844207D099489030844203D01B
:106320009748A830844200D104E040F2FD11914822
:10633000F9F734FF15B1B5F5004F00D104E04FF483
:10634000FF718C48F9F72AFF25B1206840F400401E
:10635000206003E0206820F40040206070BD70B52C
:1063600004460D46854884423AD084481830844219
:1063700036D082483030844232D08048483084421F
:106380002ED07E48603084422AD07C4878308442C7
:1063900026D07A489030844222D07848A83084426F
:1063A0001ED0774884421BD075481830844217D0DD
:1063B00073483030844213D07148483084420FD043
:1063C0006F48603084420BD06D487830844207D0EB
:1063D0006B489030844203D06948A830844200D191
:1063E00004E040F221216348F9F7D8FE0DB1202DD9
:1063F00000D104E040F222215E48F9F7CFFE25B13A
:10640000206840F02000206003E0206820F0200099
:10641000206070BD70B504460D46584884423AD09D
:1064200056481830844236D054483030844232D0F6
:106430005248483084422ED05048603084422AD09E
:106440004E487830844226D04C489030844222D046
:106450004A48A83084421ED0494884421BD048484C
:106460001830844217D046483030844213D0444814
:10647000483084420FD04248603084420BD04048BC
:106480007830844207D03E489030844203D03C4864
:10649000A830844200D104E040F275213548F9F774
:1064A0007DFE656070BD10B50446344884423AD024
:1064B00032481830844236D030483030844232D0AE
:1064C0002E48483084422ED02C48603084422AD056
:1064D0002A487830844226D028489030844222D0FE
:1064E0002648A83084421ED0254884421BD0244828
:1064F0001830844217D022483030844213D02048CC
:10650000483084420FD01E48603084420BD01C4873
:106510007830844207D01A489030844203D018481B
:10652000A830844200D104E04FF421711148F9F7FA
:1065300035FE606880B210BD70B504460E46154643
:106540000E48844242D00D48183084423ED00B4859
:10655000303084423AD009484830844236D0074827
:106560006030844232D00548783084422ED00348CF
:10657000903007E02CD500083F801CF010600240EE
:1065800010640240844221D0FE4884421ED0FE485E
:1065900084421BD0FC481830844217D0FA4830306F
:1065A000844213D0F848483084420FD0F648603017
:1065B00084420BD0F4487830844207D0F2489030BF
:1065C000844203D0F048A830844200D104E040F275
:1065D000D221EE48F9F7E2FD15B1B5F5002F00D153
:1065E00004E040F2D321E948F9F7D8FD25B120684D
:1065F00040F40020206003E0206820F400202060A8
:10660000266170BD70B504460D46DE48A838844248
:1066100039D0DC489038844235D0DA487838844222
:1066200031D0D848603884422DD0D648483884428A
:1066300029D0D4483038844225D0D24818388442F2
:1066400021D0D04884421ED0CF4884421BD0CE48AF
:106650001830844217D0CC483030844213D0CA4816
:10666000483084420FD0C848603084420BD0C648BE
:106670007830844207D0C4489030844203D0C24866
:10668000A830844200D104E04FF43C71BF48F9F7D0
:1066900085FD0DB1012D00D104E040F2F121BB4890
:1066A000F9F77CFD25B1206840F48020206003E0EC
:1066B000206820F48020206070BD70B504460E462E
:1066C0001546B048A838844239D0AE489038844244
:1066D00035D0AC487838844231D0AA4860388442FA
:1066E0002DD0A8484838844229D0A6483038844262
:1066F00025D0A4481838844221D0A24884421ED014
:10670000A14884421BD0A0481830844217D09E482C
:106710003030844213D09C48483084420FD09A488D
:10672000603084420BD098487830844207D0964835
:106730009030844203D09448A830844200D104E0D1
:1067400040F21A319148F9F729FD15B1B5F5002F3E
:1067500000D104E040F21B318C48F9F71FFD0DB168
:10676000266100E0E66070BD70B5044600258548EE
:10677000A838844239D083489038844235D0814843
:106780007838844231D07F48603884422DD07D48AB
:106790004838844229D07B483038844225D0794813
:1067A0001838844221D0774884421ED076488442EB
:1067B0001BD075481830844217D07348303084425B
:1067C00013D07148483084420FD06F486030844203
:1067D0000BD06D487830844207D06B4890308442AB
:1067E00003D06948A830844200D104E040F235313A
:1067F0006648F9F7D3FC206800F4002008B10125B1
:1068000000E00025284670BD70B5044600255D48AF
:10681000A838844239D05B489038844235D05948F2
:106820007838844231D05748603884422DD055485A
:106830004838844229D053483038844225D05148C2
:106840001838844221D04F4884421ED04E4884429A
:106850001BD04D481830844217D04B48303084420A
:1068600013D04948483084420FD0474860308442B2
:106870000BD045487830844207D04348903084425A
:1068800003D04148A830844200D104E040F2A23154
:106890003E48F9F783FC206800F0010008B10125AB
:1068A00000E00025284670BD70B504460025354837
:1068B000A838844239D033489038844235D03148A2
:1068C0007838844231D02F48603884422DD02D480A
:1068D0004838844229D02B483038844225D0294872
:1068E0001838844221D0274884421ED0264884424A
:1068F0001BD025481830844217D0234830308442BA
:1069000013D02148483084420FD01F486030844261
:106910000BD01D487830844207D01B489030844209
:1069200003D01948A830844200D104E04FF47171BB
:106930001648F9F733FC606900F03805284670BD49
:106940002DE9F04105460C464FF0000800270D48A0
:10695000A838854240D00B48903885423CD0094841
:106960007838854238D007486038854234D00548A9
:106970004838854230D00348303885422CD0014811
:10698000183805E0B8600240106402402CD50008B9
:10699000854221D0F94885421ED0F94885421BD056
:1069A000F7481830854217D0F5483030854213D06B
:1069B000F348483085420FD0F148603085420BD013
:1069C000EF487830854207D0ED489030854203D0BB
:1069D000EB48A830854200D104E040F2E131E948BB
:1069E000F9F7DCFBE84884427CD0E7481038844261
:1069F00078D0E5481838844274D0E448844271D095
:106A0000C01E84426ED0E24884426BD0E14884428A
:106A100068D0E148844265D0DB48E030844261D0F0
:106A2000D948203084425DD0B4F1815F5AD0DB4830
:106A3000844257D0DA48844254D0DA48844251D054
:106A4000D94884424ED0B4F1C05F4BD0B4F1A05FBE
:106A500048D0B4F1905F45D0B4F1885F42D0B4F132
:106A6000825F3FD0D14884423CD0D0481038844225
:106A700038D0CE481838844234D0001F844231D0F8
:106A8000C01E84422ED0CA4884422BD0C9488442BA
:106A900028D0C948844225D0C448E030844221D05F
:106AA000C248203084421DD0C44884421AD0C44811
:106AB000844217D0C348844214D0C348844211D0C2
:106AC000C24884420ED0B4F1205F0BD0B4F1105F05
:106AD00008D0B4F1085F05D0B4F1045F02D0B4F17E
:106AE000015F00D104E040F2E231A648F9F756FB1D
:106AF000A348854202D2A14EB83E01E0A04E103E0E
:106B000004F0005008B1776800E03768B0480740EB
:106B100007EA040010B14FF0010801E04FF000084F
:106B20004046BDE8F08170B504460D469348A8384C
:106B3000844239D091489038844235D08F48783893
:106B4000844231D08D48603884422DD08B484838FB
:106B5000844229D089483038844225D08748183863
:106B6000844221D0854884421ED0854884421BD06F
:106B700083481830844217D081483030844213D083
:106B80007F48483084420FD07D48603084420BD02B
:106B90007B487830844207D079489030844203D0D3
:106BA0007748A830844200D104E040F22241754881
:106BB000F9F7F4FA05F04050B0F1405F07D005F066
:106BC000405020B18348284008B905B104E040F2A4
:106BD00023416C48F9F7E2FA6948844202D2674ED1
:106BE000B83E01E0664E103E05F0005018B17848FE
:106BF0002840F06002E076482840B06070BD70B573
:106C000004460D4616465D48A838844239D05B4894
:106C10009038844235D059487838844231D057482A
:106C2000603884422DD055484838844229D0534892
:106C30003038844225D051481838844221D04F48FA
:106C400084421ED04E4884421BD04D4818308442A6
:106C500017D04B483030844213D0494848308442E2
:106C60000FD04748603084420BD04548783084428A
:106C700007D043489030844203D04148A830844232
:106C800000D104E040F24F413E48F9F787FA25F081
:106C90009E0008B905B104E04FF48A613948F9F75C
:106CA0007DFA0EB1012E00D104E040F25141354889
:106CB000F9F774FA05F0800048B126B1606940F038
:106CC0008000606103E0606920F080006061802DD9
:106CD0000BD02EB1206805F01E010843206004E0AF
:106CE000206805F01E018843206070BD2DE9F04743
:106CF00005460C464FF000080027B9461F48A83843
:106D0000854239D01D489038854235D01B487838A7
:106D1000854231D01948603885422DD0174848380F
:106D2000854229D015483038854225D01348183877
:106D3000854221D0114885421ED0114885421BD082
:106D40000F481830854217D00D483030854213D097
:106D50000B48483085420FD00948603085420BD03F
:106D600007487830854207D005489030854203D0E7
:106D70000348A83085422FD133E00000B8600240BC
:106D8000106402402CD50008200000100400801080
:106D90000008001000040010000200100000101095
:106DA0000000081000000410000001102000002066
:106DB0000008002000040020000200200000202025
:106DC0000000102000000820000004200000012026
:106DD0007D0F7D0F82F082C040F287418D48F9F728
:106DE000DDF98D48844278D08C48844275D08C4837
:106DF000844272D08B4884426FD08B4884426CD0DE
:106E00008A48844269D08A48844266D0894884424C
:106E100063D08448FC3084425FD083483F30844252
:106E20005BD08548844258D08448844255D08448F9
:106E3000844252D0834884424FD0834884424CD00D
:106E40008248844249D08248844246D08148844264
:106E500043D08148844240D0804884423DD080481D
:106E600084423AD07F48844237D07F48844234D02D
:106E70007E48844231D07E4884422ED07D48844270
:106E80002BD07D48844228D07C48844225D0774846
:106E9000FC30844221D076483F3084421DD078486F
:106EA00084421AD07748844217D07748844214D05D
:106EB0007648844211D0764884420ED07548844288
:106EC0000BD07548844208D07448844205D0744879
:106ED000844202D07348844200D104E04FF49161AF
:106EE0004C48F9F75BF97048854201D26F4E01E0DA
:106EF0006D4E103E6E48204030B11E2000EAD4276F
:106F0000286800EA070902E0686900F0800904F0D7
:106F1000005008B1776800E037686648074007EA24
:106F2000040028B1B9F1000F02D04FF0010801E0D0
:106F30004FF000084046BDE8F08770B504460D46A6
:106F40005A48103084423AD058482830844236D0CB
:106F500056484030844232D05448583084422ED073
:106F60005248703084422AD050488830844226D01B
:106F70004E48A030844222D04C48B83084421ED0C3
:106F8000494884421BD048481830844217D04648AC
:106F90003030844213D04448483084420FD04248B5
:106FA000603084420BD040487830844207D03E485D
:106FB0009030844203D03C48A830844200D104E0A1
:106FC00040F2D7411348F9F7E9F805F04050B0F125
:106FD000405F07D005F0405020B11DB13648284031
:106FE00000B904E04FF49B610A48F9F7D7F82E483E
:106FF000844201D22D4E01E02B4E103E05F0005090
:1070000018B12C482840F06002E02A482840B060BF
:1070100070BD00002CD5000820800010104000102A
:1070200008200010041000100100009000880010DB
:1070300000440010002200100080201000401010BA
:1070400000200810001004100000019000800018BB
:1070500000400014002000120010001100004090B9
:107060002080002010400020082000200410002074
:10707000010000A000880020004400200022002021
:107080000080202000401020002008200010042054
:10709000000001A000800028004000240020002201
:1070A00000100021000040A0106402400060024077
:1070B0003C0F3C0F7D0F7D0F820082400020B149C4
:1070C0000860091D0860091D0860091D0860AE48B8
:1070D000AC4914310860704770B50446002520792A
:1070E00010B12079042800D103E07C21A748F9F7EA
:1070F00055F86079082805D060790C2802D06079AD
:10710000102800D103E07D21A048F9F747F8206856
:107110006FF3160010B9206800B103E07E219B4890
:10712000F9F73CF8A07910B1A079012800D103E06B
:107130007F219648F9F732F8924DA07990B328460E
:1071400000682168884329460860081D0068216896
:107150008843291D08602079054428682168084370
:1071600028608848083000682168884385490831CC
:107170000860081D00682168884382490C31086056
:10718000607910280FD1081F0068216808437D49E5
:1071900008310860081D00682168084379490C31EE
:1071A00008600EE007E0774D6079054428682168A3
:1071B0000843286005E02079054428682168884351
:1071C000286070BD0021016001710C214171002116
:1071D0008171704710B50446E00DC00508B904B1CF
:1071E00003E0C1216948F8F7D9FF6648103000680C
:1071F000204364491031086010BD70B50446002575
:10720000012C3AD0022C38D0042C36D0082C34D0A3
:10721000102C32D0202C30D0402C2ED0802C2CD0D2
:10722000B4F5807F29D0B4F5007F26D0B4F5806F07
:1072300023D0B4F5006F20D0B4F5805F1DD0B4F535
:10724000005F1AD0B4F5804F17D0B4F5004F14D0BA
:10725000B4F5803F11D0B4F5003F0ED0B4F5802FC7
:107260000BD0B4F5002F08D0B4F5801F05D0B4F5CD
:10727000001F02D0B4F5800F00D103E0E0214348A5
:10728000F8F78CFF3F4814300068204008B1012512
:1072900000E00025284670BD10B50446E00DC0058D
:1072A00008B904B103E0F6213848F8F777FF35480C
:1072B0001430046010BD70B5044600250026012C72
:1072C0003AD0022C38D0042C36D0082C34D0102CD4
:1072D00032D0202C30D0402C2ED0802C2CD0B4F5A5
:1072E000807F29D0B4F5007F26D0B4F5806F23D0FD
:1072F000B4F5006F20D0B4F5805F1DD0B4F5005F09
:107300001AD0B4F5804F17D0B4F5004F14D0B4F5AF
:10731000803F11D0B4F5003F0ED0B4F5802F0BD0D4
:10732000B4F5002F08D0B4F5801F05D0B4F5001FC8
:1073300002D0B4F5800F00D104E04FF483711348FC
:10734000F8F72CFF0F48006800EA04060D481430D7
:107350000068204010B10EB1012500E0002528464C
:1073600070BD10B50446E00DC00508B904B104E0D5
:1073700040F21D110548F8F711FF0248143004606F
:1073800010BD0000003C0140FFFF7F0080D50008D9
:1073900010B50446FA48844217D0FA48844214D003
:1073A000F948844211D0F94884420ED0F84884420A
:1073B0000BD0F848844208D0F748844205D0F748FB
:1073C000844202D0F648844200D103E07B21F54894
:1073D000F8F7E4FEEA48844208D10121084601F0AA
:1073E000C1F80021012001F0BDF85EE0E5488442CB
:1073F00008D10121022001F0B5F80021022001F09E
:10740000B1F852E0E048844208D10121042001F0A3
:10741000A9F80021042001F0A5F846E0DB488442E9
:1074200008D10121082001F09DF80021082001F079
:1074300099F83AE0D648844208D10121102001F0A1
:1074400091F80021102001F08DF82EE0D1488442FF
:1074500008D10121202001F085F80021202001F031
:1074600081F822E0CC48844208D10121402001F07B
:1074700079F80021402001F075F816E0C7488442F1
:1074800008D10121802001F06DF80021802001F059
:1074900069F80AE0C248844207D10121801501F051
:1074A00061F80021A01501F05DF810BD2DE9F04153
:1074B00004460D4600260027B046B148844217D046
:1074C000B048844214D0B048844211D0AF488442BE
:1074D0000ED0AF4884420BD0AE48844208D0AE48AC
:1074E000844205D0AD48844202D0AD48844200D1E8
:1074F00003E0BB21AB48F8F751FE002010B9286823
:1075000000B103E0BC21A748F8F748FE287940B154
:107510002879012805D02879022802D02879032863
:1075200000D103E0BD219F48F8F738FEE87928B183
:10753000E879012802D0E879022800D103E0BE21D1
:107540009848F8F72BFE002657E0012000FA06F7CE
:10755000286800EA0708B8454ED120687200032168
:107560009140884320602879710088402168084351
:1075700020602879012802D02879022830D1687942
:1075800040B16879012805D06879022802D068796D
:10759000032800D103E0D0218248F8F7FFFDA0685E
:1075A0007200032191408843A0606879710088408F
:1075B000A1680843A060A87910B1A879012800D17A
:1075C00003E0D7217748F8F7E9FD61680120B04072
:1075D000814361606068A979B14089B20843606005
:1075E000E0687200032191408843E060E87971000F
:1075F0008840E1680843E060761C102EA5D3BDE802
:10760000F0814FF6FF7101600021017141718171BC
:10761000C171704738B504460D464FF48030009074
:107620005748844217D05748844214D05648844261
:1076300011D0564884420ED0554884420BD055484C
:10764000844208D05448844205D05448844202D031
:107650005348844200D104E04FF482715148F8F756
:107660009DFD002008B905B104E040F205114D4828
:10767000F8F794FD0098284300900098E061E561D8
:107680000098E061E0690090E069009038BD70B555
:1076900005460C4600263A48854217D039488542AF
:1076A00014D03948854211D0384885420ED0384828
:1076B00085420BD03748854208D03748854205D0EF
:1076C0003648854202D03648854200D104E04FF466
:1076D00098713448F8F762FD012C25D0022C23D094
:1076E000042C21D0082C1FD0102C1DD0202C1BD0F6
:1076F000402C19D0802C17D0B4F5807F14D0B4F56D
:10770000007F11D0B4F5806F0ED0B4F5006F0BD0B0
:10771000B4F5805F08D0B4F5005F05D0B4F5804FB4
:1077200002D0B4F5004F00D104E040F231111D4801
:10773000F8F734FD2869204008B1012600E0002652
:10774000304670BD10B504460D48844217D00D4830
:10775000844214D00C48844211D00C4884420ED08C
:107760000B4884420BD00B48844208D00A4884421C
:1077700005D00A48844202D00948844214D118E056
:10778000000002400004024000080240000C0240D9
:10779000001002400014024000180240001C024089
:1077A00000200240D4D500084FF4A371FE48F8F73A
:1077B000F5FC206980B210BD70B505460C46002668
:1077C000FA48854217D0FA48854214D0F9488542D4
:1077D00011D0F94885420ED0F84885420BD0F848C0
:1077E000854208D0F748854205D0F748854202D047
:1077F000F648854200D104E040F25711EA48F8F714
:10780000CDFC012C25D0022C23D0042C21D0082C17
:107810001FD0102C1DD0202C1BD0402C19D0802C18
:1078200017D0B4F5807F14D0B4F5007F11D0B4F533
:10783000806F0ED0B4F5006F0BD0B4F5805F08D028
:10784000B4F5005F05D0B4F5804F02D0B4F5004F19
:1078500000D104E04FF4AC71D348F8F79FFC68699D
:10786000204008B1012600E00026304670BD10B56A
:107870000446CE48844217D0CD48844214D0CD4827
:10788000844211D0CC4884420ED0CC4884420BD0E4
:10789000CB48844208D0CB48844205D0CA488442B1
:1078A00002D0CA48844200D104E040F26D11BE48C3
:1078B000F8F774FC606980B210BD70B504460D46DF
:1078C000BA48844217D0BA48844214D0B948844296
:1078D00011D0B94884420ED0B84884420BD0B84881
:1078E000844208D0B748844205D0B748844202D0C9
:1078F000B648844200D104E040F27F11AA48F8F76C
:107900004DFC002008B905B104E04FF4C071A64851
:10791000F8F744FC258370BD70B504460D46A348B6
:10792000844217D0A248844214D0A248844211D085
:10793000A14884420ED0A14884420BD0A048844282
:1079400008D0A048844205D09F48844202D09F4876
:10795000844200D104E04FF4C9719348F8F71EFC4B
:10796000002008B905B104E040F293118E48F8F701
:1079700015FC658370BD70B505460C4616468B48F0
:10798000854217D08A48854214D08A48854211D052
:10799000894885420ED0894885420BD08848854267
:1079A00008D08848854205D08748854202D087485C
:1079B000854200D104E04FF4D3717B48F8F7EEFB29
:1079C000012C25D0022C23D0042C21D0082C1FD030
:1079D000102C1DD0202C1BD0402C19D0802C17D05F
:1079E000B4F5807F14D0B4F5007F11D0B4F5806F6A
:1079F0000ED0B4F5006F0BD0B4F5805F08D0B4F5AD
:107A0000005F05D0B4F5804F02D0B4F5004F00D12F
:107A100004E040F2A7116448F8F7C0FB0EB1012E54
:107A200000D104E04FF4D4715F48F8F7B7FB0EB112
:107A30002C8300E06C8370BD70B504460D465B4836
:107A4000844217D05A48844214D05A48844211D0F4
:107A5000594884420ED0594884420BD05848844239
:107A600008D05848844205D05748844202D057482D
:107A7000844200D104E040F2BD114B48F8F78EFB80
:107A8000656170BD70B504460D464848844217D004
:107A90004748844214D04748844211D04648844223
:107AA0000ED0464884420BD04548844208D0454811
:107AB000844205D04448844202D04448844200D1E4
:107AC00004E040F2CB113848F8F768FB6069684081
:107AD000606170BD2DE9F04106460D461446002751
:107AE000B8463248864217D03148864214D03148D1
:107AF000864211D0304886420ED0304886420BD0A4
:107B00002F48864208D02F48864205D02E4886420C
:107B100002D02E48864200D104E040F217212248CC
:107B2000F8F73CFBEDB1012D1BD0022D19D0032D30
:107B300017D0042D15D0052D13D0062D11D0072DEB
:107B40000FD0082D0DD0092D0BD00A2D09D00B2DEB
:107B500007D00C2D05D00D2D03D00E2D01D00F2DEB
:107B600000D104E04FF406710F48F8F717FB7CB31F
:107B7000092C47D064B35CB354B34CB3012C41D04F
:107B800040D0022C3ED03DD03CD0032C3AD0042C27
:107B900038D037D036D0052C34D033D0092C31D062
:107BA000062C2FD0092C14E0D4D500080000024088
:107BB0000004024000080240000C02400010024095
:107BC0000014024000180240001C02400020024045
:107BD00018E017D0072C15D014D013D0082C11D0D2
:107BE00010D00FD0092C0DD00CD00A2C0AD009D0FF
:107BF0000B2C07D00C2C05D004D003D00D2C01D0B9
:107C00000F2C00D104E040F219211248F8F7C6FA0F
:107C10006807C00E04FA00F7E91006F1200050F8DA
:107C200021006907CA0E0F2191408843EA1006F12E
:107C3000200141F82200E91006F1200050F821004F
:107C400040EA0708E91006F1200040F82180BDE86D
:107C5000F0810000D4D50008F948006840F0010028
:107C6000F74908600020F64908310860F4480068C8
:107C7000F4490840F2490860F348091D0860081FEC
:107C8000006820F48020091F08600020EC490C31B6
:107C90000860704710B504461CB1012C01D0052CBA
:107CA00000D103E0F021E948F8F778FA0020E44930
:107CB000891C08700846047010BD2DE9F041044687
:107CC000002500260027212C17D0312C15D0392C67
:107CD00013D0412C11D0612C0FD0792C0DD07A2CDF
:107CE0000BD07B2C09D07C2C07D07D2C05D07E2C92
:107CF00003D07F2C01D03B2C00D104E040F29C61EA
:107D0000D248F8F74BFA6511012D02D1CC4806682C
:107D100008E0022D03D1CA487030066802E0C84866
:107D20007430066804F01F050120A840304008B1F7
:107D3000012700E000273846BDE8F08138B5002073
:107D400000900024002500BF3120FFF7B6FF054654
:107D50000098401C00900098B0F5A06F01D0002D55
:107D6000F2D03120FFF7A9FF08B1012400E0002480
:107D7000204638BD70B5044600251F2C00DC04E009
:107D80004FF49471B148F8F709FAAD48056825F049
:107D9000F80545EAC405056070BD10B504460CB190
:107DA000012C00D104E040F24B11A848F8F7F6F995
:107DB000A748046010BD10B504461CB1012C01D0C9
:107DC000042C00D104E04FF4B271A048F8F7E6F9B2
:107DD00000209B49703108700870012C02D0042CDF
:107DE0000AD104E0012096497031087005E00520B1
:107DF00093497031087000E000BF00BF10BD10B59E
:107E000004460CB1012C00D104E04FF4C6718F4838
:107E1000F8F7C4F98F48046010BD2DE9F04105461C
:107E20000F4616461C46DDF8188015B1B5F5800FD3
:107E300000D104E040F2B7118448F8F7AFF93F2FC2
:107E400000D804E04FF4DC718048F8F7A7F9C02EA1
:107E500003D3B6F5D87F00D804E040F2B9117B48CF
:107E6000F8F79CF9022C05D0042C03D0062C01D085
:107E7000082C00D104E04FF4DD717448F8F78EF956
:107E8000B8F1040F03D3B8F10F0F00D804E040F2AB
:107E9000BB116E48F8F782F947EA86100121C1EB61
:107EA000540140EA0140284340EA08606449091D42
:107EB0000860BDE8F08110B504460CB1012C00D17A
:107EC00004E04FF4E7716148F8F768F96048046628
:107ED00010BD70B505460C46C02D03D3B5F5D87F4F
:107EE00000D804E04FF4F4715848F8F757F9022C21
:107EF00002D3072C00D804E040F2E9115348F8F708
:107F00004DF9A80140EA04704D498431086070BD04
:107F100010B504460CB1012C00D104E040F2F71179
:107F20004A48F8F73BF94A48846610BD10B5044644
:107F30000CB1012C00D104E040F209214348F8F7CC
:107F40002DF94348C46410BD70B505460C460026A3
:107F500045B1B5F5001F05D0B5F5800F02D0B5F5D8
:107F6000C00F00D104E04FF409713848F8F716F952
:107F70005CB1B4F1806F08D0B4F1A06F05D0B4F15A
:107F8000C06F02D0B4F1E06F00D104E040F22521CF
:107F90002E48F8F703F92A480830066826F0EC6600
:107FA00045EA0400064326480830066070BD70B5F7
:107FB00005460C46002645B1B5F1804F05D0B5F118
:107FC000004F02D0B5F1404F00D104E040F24A2109
:107FD0001E48F8F7E3F85CB1B4F1005F08D0B4F1E3
:107FE000205F05D0B4F1405F02D0B4F1605F00D1F2
:107FF00004E040F24B211548F8F7D0F8104808305B
:10800000066826F0784645EA040006430C48083026
:10801000066070BD70B5044600251CB1012C01D06E
:10802000022C00D104E04FF42D710848F8F7B6F89F
:1080300003480830056825F003052543056070BD39
:1080400000380240FFFFF6FE1030002428D600085A
:1080500000004742800E4742F648006800F00C00DE
:10806000704770B5044600257CB1802C0DD0902C53
:108070000BD0A02C09D0B02C07D0C02C05D0D02C10
:1080800003D0E02C01D0F02C00D104E040F2E92133
:10809000E948F8F783F8E748056825F0F005254337
:1080A000056070BD70B5044600255CB1B4F5805F15
:1080B00008D0B4F5A05F05D0B4F5C05F02D0B4F528
:1080C000E05F00D104E040F20931DB48F8F766F8E0
:1080D000D848056825F4E0552543056070BD70B5A6
:1080E000044600255CB1B4F5805F08D0B4F5A05F0C
:1080F00005D0B4F5C05F02D0B4F5E05F00D104E074
:108100004FF44A71CC48F8F749F8CA48056825F495
:10811000604545EAC405056070BDF0B50021002248
:108120000024022500260223C24F3F6807F00C01FD
:1081300021B1042905D0082937D105E0BF4F0760D8
:1081400036E0BF4F076033E0BA4F3F1F3F68C7F3C9
:108150008056B84F3F1F3F6807F03F036EB1B84FDE
:10816000B7FBF3F7DFF8CCC2ACF1040CDCF800C0CD
:10817000CCF3881C07FB0CF40CE0B04FB7FBF3F713
:10818000DFF8B0C2ACF1040CDCF800C0CCF3881C02
:1081900007FB0CF4A74F3F1F3F68C7F301477F1C45
:1081A0007D00B4FBF5F7076002E0A44F076000BF55
:1081B00000BFA04F3F6807F0F0010909A14F7A5CAA
:1081C0000768D74047609B4F3F6807F4E051890A32
:1081D0009C4F7A5C4768D7408760964F3F6807F4AA
:1081E0006041490B974F7A5C4768D740C760F0BD44
:1081F00070B504460025B4F5807F5CD0B4F5007FEF
:1082000059D09148844256D09048844253D09048E7
:10821000844250D08F4884424DD08F4884424AD007
:108220008E48844247D08E48844244D08D48844250
:1082300041D08D4884423ED08C4884423BD08C480B
:10824000844238D08B48844235D08B48844232D027
:108250008A4884422FD08A4884422CD0894884425C
:1082600029D08948844226D08848844223D088482F
:10827000844220D0874884421DD0874884421AD047
:108280008648844217D08648844214D08548844268
:1082900011D0854884420ED0844884420BD0844853
:1082A000844208D08348844205D08348844202D067
:1082B0008248844200D104E040F2D9315E48F7F7A9
:1082C0006DFF04F44070B0F5407F09D1594805684E
:1082D00025F4F8157A4904EA01000543554805607C
:1082E000544868300068C4F30B01084351496831B1
:1082F000086070BD10B504460CB1012C00D104E03B
:1083000040F2F7314C48F7F749FF6E48046010BD62
:1083100010B504460CB1012C00D104E04FF481618A
:108320004548F7F73BFF6748001D046010BD10B5D6
:1083300004460CB1012C00D104E040F219413E4842
:10834000F7F72CFF6048046010BD70B504460D4679
:108350005E48204008B904B104E04FF48861364813
:10836000F7F71CFF0DB1012D00D104E040F24241AE
:108370003148F7F713FF3DB12E48283000682043FD
:108380002C492831086006E02A4828300068A043BC
:1083900028492831086070BD70B504460D4624F0A8
:1083A000F10008B904B104E04FF48C612248F7F7FA
:1083B000F5FE0DB1012D00D104E040F261411E48EF
:1083C000F7F7ECFE3DB11B482C30006820431949FB
:1083D0002C31086006E017482C300068A04315498E
:1083E0002C31086070BD70B504460D4624F00100C4
:1083F00008B904B104E040F27B410F48F7F7CEFE24
:108400000DB1012D00D104E040F27C410A48F7F79C
:10841000C5FE3DB107483030006820430549303182
:10842000086006E0034830300068A043014930315D
:10843000086070BD0838024028D600080024F40007
:1084400000127A00A80100200003020000030300CC
:1084500000030400000305000003060000030700FA
:10846000000308000003090000030A0000030B00DA
:1084700000030C0000030D0000030E0000030F00BA
:10848000000310000003110000031200000313009A
:10849000000314000003150000031600000317007A
:1084A000000318000003190000031A0000031B005A
:1084B00000031C0000031D0000031E0000031F003A
:1084C000FFFCFF0F3C0E47425C01474200EE8B81F0
:1084D00070B504460D46FA48204008B904B104E0DE
:1084E00040F2AD41F748F7F759FE0DB1012D00D12B
:1084F00004E040F2AE41F348F7F750FE2DB1F248E8
:1085000000682043F049086004E0EF480068A04399
:10851000ED49086070BD70B504460D46EB4820403B
:1085200008B904B104E040F2D541E648F7F736FE59
:108530000DB1012D00D104E040F2D641E148F7F73A
:108540002DFE3DB1E048001D00682043DE49091DB5
:10855000086006E0DC48001D0068A043DA49091DF8
:10856000086070BD70B504460D46D948204008B972
:1085700004B104E040F2FC41D248F7F70FFE0DB120
:10858000012D00D104E040F2FD41CE48F7F706FE90
:108590003DB1CD48303800682043CB4930390860C0
:1085A00006E0C94830380068A043C7493039086040
:1085B00070BD70B504460D4624F0F10008B904B151
:1085C00004E040F21951BF48F7F7E8FD0DB1012D65
:1085D00000D104E040F21A51BA48F7F7DFFD3DB18F
:1085E000B9482C3800682043B7492C39086006E0A8
:1085F000B5482C380068A043B3492C39086070BDD9
:1086000070B504460D4624F0010008B904B104E039
:1086100040F23151AB48F7F7C1FD0DB1012D00D14A
:1086200004E040F23251A748F7F7B8FD3DB1A64843
:10863000283800682043A4492839086006E0A24889
:1086400028380068A043A0492839086070BD70B57B
:1086500004460D469A48204008B904B104E04FF49E
:10866000AC619848F7F79AFD0DB1012D00D104E0F7
:1086700040F261519348F7F791FD3DB1924820389F
:108680000068204390492039086006E08E48203871
:108690000068A0438C492039086070BD70B504465D
:1086A0000D468C48204008B904B104E040F28451E2
:1086B0008448F7F773FD0DB1012D00D104E040F2BD
:1086C00085518048F7F76AFD3DB17F481C38006846
:1086D00020437D491C39086006E07B481C3800684F
:1086E000A04379491C39086070BD70B504460D4639
:1086F0007948204008B904B104E040F2B251714811
:10870000F7F74CFD0DB1012D00D104E040F2B3515B
:108710006C48F7F743FD3DB16B48103000682043CB
:1087200069491031086006E0674810300068A043CE
:1087300065491031086070BD70B504460D4624F0DF
:10874000F10008B904B104E040F2D2515D48F7F7F6
:1087500025FD0DB1012D00D104E040F2D35159485F
:10876000F7F71CFD3DB158481430006820435649C6
:108770001431086006E0544814300068A0435249A0
:108780001431086070BD70B504460D4624F0010038
:1087900008B904B104E040F2ED514A48F7F7FEFC95
:1087A0000DB1012D00D104E040F2EE514548F7F73C
:1087B000F5FC3DB144481830006820434249183167
:1087C000086006E0404818300068A0433E49183170
:1087D000086070BD70B504460D463948204008B9A0
:1087E00004B104E040F21F613648F7F7D7FC0DB141
:1087F000012D00D104E04FF4C4613248F7F7CEFCFC
:108800003DB131482030006820432F4920310860B5
:1088100006E02D4820300068A0432B492031086035
:1088200070BD70B504460D462848204008B904B113
:1088300004E040F247612348F7F7B0FC0DB1012D89
:1088400000D104E04FF4C9611E48F7F7A7FC3DB121
:108850001D482430006820431B492431086006E08D
:10886000194824300068A04317492431086070BDBE
:1088700070B504460D4604F0C00008B904B104E028
:1088800040F274610F48F7F789FC0DB1012D00D15A
:1088900004E040F275610B48F7F780FC3DB10A48EF
:1088A00033380078204308493339087006E0064819
:1088B00033380078A04304493339087070BD000094
:1088C000003601C928D6000840380240CCA0F8FF85
:1088D00000EE9FDDCCA6F8FF006E98811B48006873
:1088E00040F0807019490860704770B50446002553
:1088F000012C0BD0022C09D0042C07D0082C05D059
:10890000102C03D0802C01D0202C00D104E040F2A8
:10891000DA610F48F7F742FC0C48683800682040DD
:1089200008B1012500E00025284670BD10B50446B9
:1089300004F0400008B904B104E040F2F9610448D1
:10894000F7F72CFC01486638047010BD74380240FB
:1089500028D6000810B50446FE48844226D0B4F15B
:10896000804F23D0FC48844220D0FC4884421DD054
:10897000FB4884421AD0FB48844217D0FA4884420C
:1089800014D0FA48844211D0F94884420ED0F948F4
:1089900084420BD0F848844208D0F848844205D07D
:1089A000F748844202D0F748844200D103E0C52151
:1089B000F548F7F7F3FBE748844208D10121084660
:1089C000FFF76CFE00210120FFF768FE9DE0B4F187
:1089D000804F08D101210846FFF739FE0021012010
:1089E000FFF735FE91E0DC48844208D101210220E6
:1089F000FFF72DFE00210220FFF729FE85E0D74872
:108A0000844208D101210420FFF721FE0021042027
:108A1000FFF71DFE79E0D248844208D101210820E9
:108A2000FFF715FE00210820FFF711FE6DE0CD488D
:108A3000844208D101211020FFF709FE00211020F7
:108A4000FFF705FE61E0C848844208D101212020DB
:108A5000FFF7FDFD00212020FFF7F9FD55E0C34899
:108A6000844208D101210220FFF718FE00210220D4
:108A7000FFF714FE49E0BE48844209D101210804F1
:108A8000FFF70CFE00214FF48030FFF707FE3CE0BB
:108A9000B848844209D101214804FFF7FFFD0021B5
:108AA0004FF40030FFF7FAFD2FE0B348844209D1BC
:108AB00001218804FFF7F2FD00214FF48020FFF729
:108AC000EDFD22E0AD48844208D101214020FFF7AE
:108AD000BEFD00214020FFF7BAFD16E0A848844201
:108AE00008D101218020FFF7B2FD00218020FFF78F
:108AF000AEFD0AE0A348844207D101218015FFF7AB
:108B0000A6FD0021A015FFF7A2FD10BD70B504461B
:108B10000D4600268F48844226D0B4F1804F23D0E2
:108B20008D48844220D08D4884421DD08C48844298
:108B30001AD08C48844217D08B48844214D08B487A
:108B4000844211D08A4884420ED08A4884420BD095
:108B50008948844208D08948844205D088488442A4
:108B600002D08848844200D104E040F21F118648B8
:108B7000F7F714FB688858B16888102808D068880F
:108B8000202805D06888402802D06888602800D155
:108B900004E04FF490717C48F7F700FB288938B166
:108BA0002889B0F5807F03D02889B0F5007F00D1F7
:108BB00004E040F221117448F7F7F0FA268865487E
:108BC00084420ED0694884420BD0B4F1804F08D063
:108BD0006148844205D06148844202D060488442A2
:108BE00004D14FF68F700640688806435D48844282
:108BF00007D05D48844204D04FF6FF4006402889E4
:108C0000064326806868E0622888208551488442AF
:108C100002D05648844201D1A87A20860120A08241
:108C200070BD4FF0FF314160002101800181418022
:108C30008172704770B504460E4615464548844219
:108C400026D0B4F1804F23D04348844220D04348FB
:108C500084421DD0424884421AD04248844217D0F0
:108C60004148844214D04148844211D04048844253
:108C70000ED0404884420BD03F48844208D03F4841
:108C8000844205D03E48844202D03E48844200D10E
:108C900004E040F265113C48F7F780FA0DB1012D70
:108CA00000D104E04FF4B3713748F7F777FA26851F
:108CB000A58270BD70B504460D4600262548844245
:108CC0000ED0B4F1804F0BD02348844208D0234803
:108CD000844205D02248844202D02448844200D1F4
:108CE00004E04FF4BF712848F7F758FA3DB1102D52
:108CF00005D0202D03D0402D01D0602D00D104E0FF
:108D000040F27F112048F7F749FA26884FF68F7016
:108D100006402E43268070BD70B504460D460D48B2
:108D2000844243D0B4F1804F40D00B4884423DD0C0
:108D30000A4884423AD00A48844237D009488442DB
:108D400034D00948844231D0084884422ED00848A3
:108D500084421BE000000140000400400008004085
:108D6000000C0040001000400014004000040140CE
:108D7000004001400044014000480140001800400C
:108D8000001C0040002000407CD600080ED0FC48AB
:108D900084420BD0FB48844208D0FB48844205D073
:108DA000FA48844202D0FA48844200D104E04FF4E9
:108DB000CB71F848F7F7F2F9656270BD70B50446FB
:108DC0000D46F548844226D0B4F1804F23D0F348B5
:108DD000844220D0F24884421DD0F24884421AD006
:108DE000F148844217D0F148844214D0F0488442BC
:108DF00011D0F04884420ED0E14884420BD0E148C3
:108E0000844208D0E048844205D0E048844202D041
:108E1000DF48844200D104E040F2A511DD48F7F7B5
:108E2000BDF9E56270BD10B50446DB48844226D02A
:108E3000B4F1804F23D0D948844220D0D84884420E
:108E40001DD0D84884421AD0D748844217D0D7487A
:108E5000844214D0D648844211D0D64884420ED0E1
:108E6000C74884420BD0C748844208D0C6488442D1
:108E700005D0C648844202D0C548844200D104E0EF
:108E800040F2B311C348F7F789F9606A10BD10B515
:108E90000446C148844226D0B4F1804F23D0BF4855
:108EA000844220D0BE4884421DD0BE4884421AD09D
:108EB000BD48844217D0BD48844214D0BC48844287
:108EC00011D0BC4884420ED0AD4884420BD0AD488E
:108ED000844208D0AC48844205D0AC48844202D0D9
:108EE000AB48844200D104E040F2C111A948F7F731
:108EF00055F9208D10BD70B504460D46A648844234
:108F000026D0B4F1804F23D0A448844220D0A44876
:108F100084421DD0A34884421AD0A348844217D06B
:108F2000A248844214D0A248844211D0A14884426D
:108F30000ED0934884420BD09248844208D0924885
:108F4000844205D09148844202D09148844200D1A5
:108F500004E040F2D1118F48F7F720F90DB1012D4F
:108F600000D104E04FF4E9718A48F7F717F925B109
:108F7000208840F00200208004E020884FF6FD7138
:108F80000840208070BD70B504460D46824884427A
:108F900026D0B4F1804F23D08048844220D080482E
:108FA00084421DD07F4884421AD07F48844217D023
:108FB0007E48844214D07E48844211D07D48844249
:108FC0000ED06F4884420BD06E48844208D06E4861
:108FD000844205D06D48844202D06D48844200D15D
:108FE00004E04FF4F7716B48F7F7D8F80DB1012D95
:108FF00000D104E040F2EF116648F7F7CFF825B151
:10900000208840F00400208004E020884FF6FB71A7
:109010000840208070BD70B504460D465E4884420D
:1090200026D0B4F1804F23D05C48844220D05C48E5
:1090300084421DD05B4884421AD05B48844217D0DA
:109040005A48844214D05A48844211D05948844224
:109050000ED04B4884420BD04A48844208D04A483C
:10906000844205D04948844202D04948844200D114
:1090700004E040F207214748F7F790F80DB1012DC1
:1090800000D104E04FF402714248F7F787F825B1A8
:10909000208840F08000208004E020884FF67F7117
:1090A0000840208070BD70B504460D463A488442A1
:1090B00026D0B4F1804F23D03848844220D038489D
:1090C00084421DD0374884421AD03748844217D092
:1090D0003648844214D03648844211D03548844200
:1090E0000ED0274884420BD02648844208D0264818
:1090F000844205D02548844202D02548844200D1CC
:1091000004E040F222212348F7F748F8082D00D068
:1091100005B904E040F223211E48F7F73FF8208804
:109120004FF6F7710840208020882843208070BDCA
:1091300070B504460D461848844220D0B4F1804FE3
:109140001DD0164884421AD01548844217D01548BD
:10915000844214D01648844211D0164884420ED05E
:10916000074884420BD00748844208D0064884420E
:1091700005D00648844202D0054884421CD120E034
:10918000004401400048014000180040001C00401D
:10919000002000407CD60008000001400004004090
:1091A00000080040000C0040001000400014004087
:1091B000000401400040014040F23921FC48F6F72C
:1091C000EDFF2DB1B5F5807F02D0B5F5007F00D160
:1091D00004E040F23A21F648F6F7E0FF20884FF627
:1091E000FF410840208020882843208070BD70B552
:1091F00004460D46EF48844226D0B4F1804F23D078
:10920000ED48844220D0ED4884421DD0EC48844291
:109210001AD0EC48844217D0EB48844214D0EB4873
:10922000844211D0EA4884420ED0EA4884420BD0EE
:10923000E948844208D0E948844205D0E84884429D
:1092400002D0E848844200D104E040F24D21D848E1
:10925000F6F7A4FF0DB1012D00D104E040F24E213C
:10926000D348F6F79BFF25B1208840F0010020800D
:1092700004E020884FF6FE710840208070BD2DE983
:10928000F04105460C464FF0000800260027C9486B
:10929000854220D0B5F1804F1DD0C74885421AD0F5
:1092A000C648854217D0C648854214D0C748854273
:1092B00011D0C74885420ED0C64885420BD0C6485B
:1092C000854208D0C548854205D0C548854202D0B0
:1092D000C448854200D104E040F29E21B448F6F72C
:1092E0005DFF208870B1208810280BD020882028AE
:1092F00008D02088302805D02088602802D0208817
:10930000702800D104E040F29F21A948F6F746FFFB
:10931000608810B16088012800D104E04FF4287102
:10932000A348F6F73BFFA08910B1A089022800D11D
:1093300004E040F2A1219E48F6F730FF288C4FF65A
:10934000FE71084028842E8CAF88B5F818804FF63F
:109350008F7008EA0008881E08EA0008208840EAA2
:109360000808481E0640A0890643608806439148C5
:10937000854202D09548854241D1A08810B1A0888D
:10938000042800D104E040F2BE218948F6F706FF28
:10939000E08910B1E089082800D104E040F2BF2143
:1093A0008348F6F7FBFE608AB0F5007F01D0608A43
:1093B00000B904E04FF430717D48F6F7EFFE208AE3
:1093C000B0F5807F01D0208A00B904E040F2C121CD
:1093D0007748F6F7E3FE4FF6F7700640E08906435C
:1093E0004FF6FB700640A08806434FF6FF6007402B
:1093F0004FF6FF500740208A0743608A0743AF803B
:10940000A5F81880A06868632E84BDE8F0812DE976
:10941000F04105460C464FF000080026002765483D
:10942000854214D0B5F1804F11D0634885420ED0EB
:10943000624885420BD06248854208D06348854225
:1094400005D06348854202D06448854200D104E0DB
:1094500040F2EF215648F6F7A1FE208870B120882F
:1094600010280BD02088202808D02088302805D04C
:109470002088602802D02088702800D104E04FF4B2
:109480003C714B48F6F78AFE608810B1608801286D
:1094900000D104E040F2F1214548F6F77FFEA089B3
:1094A00010B1A089022800D104E040F2F221404826
:1094B000F6F774FE288C4FF6EF71084028842E8C46
:1094C000AF88B5F8188048F6FF7008EA00084FF634
:1094D000FF4008EA000820884FF6FF7101EA0020EB
:1094E00040EA08084FF6DF700640A08901EA001044
:1094F0000643608801EA001006432E48854202D0E8
:10950000324885424BD1A08810B1A088042800D1F0
:1095100004E04FF444712648F6F740FEE08910B1AC
:10952000E089082800D104E040F211312048F6F724
:1095300035FE608AB0F5007F01D0608A00B904E092
:1095400040F212311A48F6F729FE208AB0F5807FE2
:1095500001D0208A00B904E040F213311448F6F734
:109560001DFE4FF67F700640E0894FF6FF7101EA5D
:10957000001006434FF6BF700640A08801EA0010B5
:1095800006434FF6FF3007404FF2FF700740208A36
:1095900001EA80000743608A01EA80000743AF8048
:1095A000A5F81880A068A8632E84BDE8F0810000AB
:1095B0007CD6000800000140000400400008004084
:1095C000000C004000100040001400400004014066
:1095D00000400140004401400048014000180040A4
:1095E000001C0040002000402DE9F04105460C46DB
:1095F0004FF0000800260027FE4885420ED0B5F146
:10960000804F0BD0FC48854208D0FC48854205D0ED
:10961000FB48854202D0FB48854200D104E04FF46C
:109620005071F948F6F7BAFD208870B120881028EB
:109630000BD02088202808D02088302805D020880A
:10964000602802D02088702800D104E040F2413127
:10965000ED48F6F7A3FD608810B16088012800D1BD
:1096600004E040F24231E848F6F798FDA08910B1D5
:10967000A089022800D104E040F24331E248F6F725
:109680008DFD288C4FF6FF61084028842E8CAF8812
:10969000B5F81C804FF68F7008EA00084FF6FC7092
:1096A00008EA0008208840EA08084FF6FF50064004
:1096B000A0894FF6FF7101EA00200643608801EAA5
:1096C00000200643CB48854202D0CE4885424BD18C
:1096D000A08810B1A088042800D104E04FF458718C
:1096E000C948F6F75BFDE08910B1E089082800D190
:1096F00004E040F26131C448F6F750FD608AB0F5ED
:10970000007F01D0608A00B904E040F26231BE48B7
:10971000F6F744FD208AB0F5807F01D0208A00B999
:1097200004E040F26331B848F6F738FD4FF2FF70BD
:109730000640E0894FF6FF7101EA002006434FF62C
:10974000FF300640A08801EA002006434EF6FF7075
:1097500007404DF6FF700740208A01EA00100743DA
:10976000608A01EA00100743AF80A5F81C80A0685A
:10977000E8632E84BDE8F0812DE9F04104460D46F2
:1097800000270026B0469B4884420ED0B4F1804F9B
:109790000BD09948844208D09848844205D0984814
:1097A000844202D09748844200D104E04FF46471AF
:1097B0009548F6F7F3FC288870B1288810280BD05C
:1097C0002888202808D02888302805D028886028B4
:1097D00002D02888702800D104E040F291318A48F4
:1097E000F6F7DCFC688810B16888012800D104E035
:1097F00040F292318448F6F7D1FCA88910B1A889CB
:10980000022800D104E040F293317F48F6F7C6FC0D
:10981000208C4EF6FF7108402084268CB4F804801A
:10982000A78B48F6FF7007404FF6FF400740288897
:109830004FF6FF7101EA002007434DF6FF70064026
:10984000A88901EA00300643688801EA003006432F
:109850006848844202D06B48844216D1288AB0F509
:10986000807F01D0288A00B904E040F2B131664817
:10987000F6F794FC4BF6FF7008EA0008288A4FF6CA
:10988000FF7101EA801040EA0808A4F80480A78369
:10989000A86820642684BDE8F08100210180418011
:1098A000818081608181C1810182418270472DE97F
:1098B000F04104460F4615460026B0464D48844206
:1098C00020D0B4F1804F1DD04B4884421AD04B4871
:1098D000844217D04A48844214D04A48844211D066
:1098E0004A4884420ED04A4884420BD049488442B8
:1098F00008D04948844205D04848844202D04848AC
:10990000844200D104E04FF47D713F48F6F746FCF5
:109910002FB1042F03D0082F01D00C2F00D104E069
:1099200040F2F5313848F6F739FC6DB1102D0BD007
:10993000202D09D0302D07D0602D05D0702D03D0FB
:10994000502D01D0402D00D104E040F2F6312E48D8
:10995000F6F724FC264618360120B8401FFA80F896
:10996000208C20EA080020840FB1082F0AD106EBD2
:10997000670630684FF68F710840306030682843C2
:1099800030600FE0381FC0F34E000644306848F6E0
:10999000FF710840306030684FF6FF7101EA052121
:1099A00008433060BDE8F08170B504460D461148AB
:1099B000844239D0B4F1804F36D00F48844233D03E
:1099C0000E48844230D00E4884422DD00D48844247
:1099D0002AD00E48844227D00D48844224D00D4816
:1099E000844221D00C4884421ED00C4884421BD0B3
:1099F0000B4817E000000140000400400008004050
:109A0000000C0040000401407CD6000800400140EA
:109A1000004401400048014000180040001C004084
:109A200000200040844200D104E040F21F41FB4886
:109A3000F6F7B4FB656370BD70B504460D46F84893
:109A4000844214D0B4F1804F11D0F64884420ED035
:109A5000F54884420BD0F548844208D0F44884424B
:109A600005D0F448844202D0F348844200D104E097
:109A700040F22F41E948F6F791FBA56370BD70B540
:109A800004460D46E64884420ED0B4F1804F0BD018
:109A9000E448844208D0E448844205D0E348844244
:109AA00002D0E348844200D104E040F23E41DB486A
:109AB000F6F774FBE56370BD70B504460D46D848F3
:109AC00084420ED0B4F1804F0BD0D648844208D0E7
:109AD000D548844205D0D548844202D0D448844237
:109AE00000D104E040F24D41CC48F6F757FB256425
:109AF00070BD70B504460D460026C948844220D08A
:109B0000B4F1804F1DD0C74884421AD0C648844261
:109B100017D0C648844214D0C548844211D0C548E5
:109B200084420ED0C54884420BD0C548844208D038
:109B3000C148844205D0C348844202D0C24884420E
:109B400000D104E040F26141B448F6F727FB502D04
:109B500001D0402D00D104E040F26241AF48F6F759
:109B60001DFB268B4FF68F7006402E43268370BD5B
:109B700070B504460D460026A948844214D0B4F1BD
:109B8000804F11D0A74884420ED0A74884420BD002
:109B9000A648844208D0A648844205D0A5488442FD
:109BA00002D0A548844200D104E040F27E419B48A7
:109BB000F6F7F4FA502D01D0402D00D104E040F228
:109BC0007F419648F6F7EAFA268B48F6FF70064082
:109BD0004FF6FF7000EA05200643268370BD70B57E
:109BE00004460D4600268E4884420ED0B4F1804FC4
:109BF0000BD08C48844208D08B48844205D08B48D7
:109C0000844202D08A48844200D104E040F29A4162
:109C10008248F6F7C3FA502D01D0402D00D104E060
:109C200040F29B417D48F6F7B9FAA68B4FF68F704C
:109C300006402E43A68370BD70B504460D4600262F
:109C4000774884420ED0B4F1804F0BD075488442DF
:109C500008D07548844205D07448844202D07448C4
:109C6000844200D104E040F2B7416C48F6F796FA1E
:109C7000502D01D0402D00D104E04FF4976167488A
:109C8000F6F78CFAA68B48F6FF7006404FF6FF7089
:109C900000EA05200643A68370BD70B504460D4654
:109CA00000265F48844220D0B4F1804F1DD05D482B
:109CB00084421AD05C48844217D05C48844214D055
:109CC0005B48844211D05B4884420ED05B4884429A
:109CD0000BD05B48844208D05748844205D059488D
:109CE000844202D05848844200D104E040F2D3417B
:109CF0004A48F6F753FA082D00D005B904E040F2BF
:109D0000D4414648F6F74AFA268B4FF6F7700640DC
:109D10002E43268370BD70B504460D46002640488C
:109D2000844214D0B4F1804F11D03E4884420ED00A
:109D30003D4884420BD03D48844208D03C48844290
:109D400005D03C48844202D03B48844200D104E024
:109D500040F2F1413148F6F721FA082D00D005B95B
:109D600004E040F2F2412D48F6F718FA268B4FF244
:109D7000FF7006404FF6FF7000EA05200643268379
:109D800070BD70B504460D460026254884420ED0AD
:109D9000B4F1804F0BD02348844208D0224884423B
:109DA00005D02248844202D02148844200D104E0F8
:109DB00040F20E511948F6F7F1F9082D00D005B917
:109DC00004E040F20F511548F6F7E8F9A68B4FF67C
:109DD000F77006402E43A68370BD70B504460D464D
:109DE00000260F4884420ED0B4F1804F0BD00D48AE
:109DF000844208D00C48844205D00C48844202D0EA
:109E00000B48844200D104E040F22B510348F6F79E
:109E1000C5F9082D00D0CDB91DE000007CD60008A2
:109E2000000001400004004000080040000C004019
:109E3000000401400040014000180040004401407F
:109E400000480140001C00400020004040F22C511E
:109E5000FA48F6F7A3F9A68B4FF2FF7006404FF6CB
:109E6000FF7000EA05200643A68370BD70B5044666
:109E70000D460026F248844220D0B4F1804F1DD018
:109E8000F04884421AD0F048844217D0EF48844208
:109E900014D0EF48844211D0EE4884420ED0EE48F0
:109EA00084420BD0ED48844208D0ED48844205D06E
:109EB000EC48844202D0EC48844200D104E04FF4E4
:109EC000A961DE48F6F76AF9042D00D005B904E06F
:109ED00040F24951D948F6F761F9268B4FF6FB70ED
:109EE00006402E43268370BD70B504460D460026FD
:109EF000D348844214D0B4F1804F11D0D148844269
:109F00000ED0D14884420BD0D048844208D0D048EB
:109F1000844205D0CF48844202D0D148844200D147
:109F200004E040F26751C548F6F738F9042D00D037
:109F300005B904E04FF4AD61C048F6F72FF9268B60
:109F40004FF6FF3006404FF6FF7000EA052006434B
:109F5000268370BD70B504460D460026B84884427D
:109F60000ED0B4F1804F0BD0B648844208D0B6482A
:109F7000844205D0B548844202D0B548844200D11D
:109F800004E040F28551AD48F6F708F9042D00D001
:109F900005B904E040F28651A848F6F7FFF8A68B11
:109FA0004FF6FB7006402E43A68370BD70B5044685
:109FB0000D460026A24884420ED0B4F1804F0BD04B
:109FC000A048844208D0A048844205D09F488442DB
:109FD00002D09F48844200D104E040F2A351974848
:109FE000F6F7DCF8042D00D005B904E040F2A451E6
:109FF0009248F6F7D3F8A68B4FF6FF3006404FF69F
:10A00000FF7000EA05200643A68370BD70B50446C4
:10A010000D4600268A48844220D0B4F1804F1DD0DE
:10A02000884884421AD08848844217D0874884429E
:10A0300014D08748844211D0864884420ED0864886
:10A0400084420BD08548844208D08548844205D09C
:10A050008448844202D08448844200D104E040F223
:10A06000C1517648F6F79AF8802D00D005B904E082
:10A0700040F2C2517148F6F791F8268B4FF67F7087
:10A0800006402E43268370BD70B504460D4600265B
:10A090006B48844214D0B4F1804F11D06948844297
:10A0A0000ED0694884420BD06848844208D0684882
:10A0B000844205D06748844202D06948844200D176
:10A0C00004E040F2DF515D48F6F768F8802D00D0DB
:10A0D00005B904E04FF4BC615848F6F75FF8268BE9
:10A0E000C6F30E064FF6FF7000EA052006432683EE
:10A0F00070BD70B504460D460026514884420ED00E
:10A10000B4F1804F0BD04F48844208D04E4884426F
:10A1100005D04E48844202D04D48844200D104E02C
:10A1200040F2FC514548F6F739F8802D00D005B9CA
:10A1300004E040F2FD514148F6F730F8A68B4FF6A7
:10A140007F7006402E43A68370BD70B504460D4651
:10A1500000263B4884420ED0B4F1804F0BD03948E2
:10A16000844208D03848844205D03848844202D01E
:10A170003748844200D104E040F219612F48F6F7D5
:10A180000DF8802D00D005B904E040F21A612B488B
:10A19000F6F704F8A68BC6F30E064FF6FF7000EA3A
:10A1A00005200643A68370BD70B504460D46002603
:10A1B0002348844220D0B4F1804F1DD021488442EE
:10A1C0001AD02148844217D02048844214D0204815
:10A1D000844211D01F4884420ED01F4884420BD0C5
:10A1E0001E48844208D01E48844205D01D4884423F
:10A1F00002D01D48844200D104E040F236610F488D
:10A20000F5F7CCFF0DB1022D00D104E040F237612B
:10A210000A48F5F7C3FF268C4FF6FD7006402E4323
:10A22000268470BD70B504460D460026044884425D
:10A2300002D00748844219D11DE000007CD60008F6
:10A24000000001400004004000080040000C0040F5
:10A25000000401400040014000440140004801402A
:10A2600000180040001C0040002000404FF4CA616C
:10A27000FC48F5F793FF0DB1082D00D104E040F242
:10A280005161F848F5F78AFF268C4FF6F7700640C3
:10A290002E43268470BD70B504460D460026F24854
:10A2A000844214D0B4F1804F11D0F04884420ED0D3
:10A2B000EF4884420BD0EF48844208D0EE488442F5
:10A2C00005D0EE48844202D0ED48844200D104E03B
:10A2D00040F26C61E348F5F761FF0DB1022D00D14A
:10A2E00004E040F26D61DF48F5F758FF268C4FF629
:10A2F000DF7006404FF6FF7000EA05100643268423
:10A3000070BD70B504460D460026D748844202D081
:10A31000D948844200D104E040F28761D148F5F782
:10A320003DFF0DB1082D00D104E04FF4D161CD48BF
:10A33000F5F734FF268C4FF67F7006404FF6FF701E
:10A3400000EA05100643268470BD70B504460D462C
:10A350000026C54884420ED0B4F1804F0BD0C348CC
:10A36000844208D0C248844205D0C248844202D008
:10A37000C148844200D104E040F2A261B948F5F737
:10A380000DFF0DB1022D00D104E040F2A361B548EC
:10A39000F5F704FF268C4FF6FF5006404FF6FF708E
:10A3A00000EA05200643268470BD70B504460D46BC
:10A3B0000026AD48844202D0AF48844200D104E078
:10A3C00040F2BD61A748F5F7E9FE0DB1082D00D1B7
:10A3D00004E040F2BE61A348F5F7E0FE268C4FF2A0
:10A3E000FF7006404FF6FF7000EA05200643268402
:10A3F00070BD70B504460D4600269B4884420ED0C1
:10A40000B4F1804F0BD09948844208D098488442D8
:10A4100005D09848844202D09748844200D104E095
:10A420004FF4DB618F48F5F7B9FE0DB1022D00D175
:10A4300004E040F2D9618B48F5F7B0FE268C4DF66A
:10A44000FF7006404FF6FF7000EA05300643268491
:10A4500070BD2DE9F04104460D461646002782489E
:10A46000844220D0B4F1804F1DD0804884421AD05D
:10A470007F48844217D07F48844214D07E4884426B
:10A4800011D07E4884420ED07E4884420BD07E4854
:10A49000844208D07A48844205D07C48844202D065
:10A4A0007B48844200D104E040F2F7616D48F5F743
:10A4B00075FE2DB1042D03D0082D01D00C2D00D137
:10A4C00004E04FF4DF616748F5F768FE012E00D025
:10A4D00006B904E040F2F9616248F5F75FFE012039
:10A4E000A84087B2208CB8432084208C06FA05F15E
:10A4F00089B208432084BDE8F0812DE9F04104468B
:10A500000D46164600275848844202D05A488442D5
:10A5100000D104E040F215715248F5F73FFE1DB13D
:10A52000042D01D0082D00D104E040F216714D48F1
:10A53000F5F734FE042E00D006B904E040F217719E
:10A540004848F5F72BFE0420A84087B2208CB8437A
:10A550002084208C06FA05F189B208432084BDE8E6
:10A56000F08170B504460D463F4884420ED0B4F1E8
:10A57000804F0BD03D48844208D03D48844205D0EE
:10A580003C48844202D03C48844200D104E040F67A
:10A5900071013448F5F702FE2DB1042D03D0082DCA
:10A5A00001D00C2D00D104E040F672012D48F5F7E2
:10A5B000F5FDA08B4FF2FF310840A083A08B4FF632
:10A5C000FF7101EA05210843A08370BDF0B50C4678
:10A5D0001546002100220026078C4EF6FF7C07EA74
:10A5E0000C070784818B028C4FF6FF7707EA04364D
:10A5F00040F6FF4739404FF6FF7707EA0527394312
:10A600004FF6FF7707EA0337394345F6FF773A40BD
:10A6100046F480573A4381830284F0BD70B5044606
:10A620000D46114884420ED0B4F1804F0BD00F4834
:10A63000844208D00E48844205D00E48844202D09D
:10A640000D48844200D104E040F659010548F5F771
:10A65000A5FD2DB1042D03D0082D01D00C2D19D14D
:10A660001DE000007CD6000800000140000400400E
:10A6700000080040000C0040000401400040014080
:10A68000001800400044014000480140001C004008
:10A690000020004040F65A01FE48F5F77FFDA08BF0
:10A6A0004FF6F3710840A083A08B2843A08370BDB0
:10A6B000F0B50C461546002100220026078C4FF607
:10A6C000FF6C07EA0C070784818B028C4FF6FF773B
:10A6D00007EA04264FF60C7739404FF6FF7707EA72
:10A6E00003172F4339434FF2FF573A4046F4807720
:10A6F0003A4381830284F0BD70B504460D46E648B6
:10A70000844214D0B4F1804F11D0E44884420ED07A
:10A71000E34884420BD0E348844208D0E2488442B4
:10A7200005D0E248844202D0E148844200D104E0EE
:10A7300040F64101D748F5F731FD2DB1042D03D086
:10A74000082D01D00C2D00D104E040F64201D14883
:10A75000F5F724FD208B4FF2FF3108402083208B3A
:10A760004FF6FF7101EA05210843208370BDF0B563
:10A770000C461546002100220026078C4FF6EF7C80
:10A7800007EA0C070784018B028C4FF6FF7707EA74
:10A79000041640F6FF4739404FF6FF7707EA0337C4
:10A7A00039434FF6FF7707EA052739434FF65F77BE
:10A7B0003A4046F010073A4301830284F0BD70B579
:10A7C00004460D46B448844220D0B4F1804F1DD0D9
:10A7D000B24884421AD0B248844217D0B148844269
:10A7E00014D0B148844211D0B04884420ED0B14850
:10A7F00084420BD0B048844208D0AD48844205D092
:10A80000AE48844202D0AE48844200D104E040F613
:10A810002801A048F5F7C2FC2DB1042D03D0082D66
:10A8200001D00C2D00D104E040F629019948F5F73C
:10A83000B5FC208B4FF6F37108402083208B284312
:10A84000208370BDF0B50C46154600210022068C11
:10A850004FF6FE773E400684018B028C4FF60C7655
:10A8600031407E1C06EA03162E4331434FF6F5763F
:10A87000324044F00106324301830284F0BD70B5DA
:10A8800004460D468448844220D0B4F1804F1DD048
:10A89000824884421AD08248844217D08148844238
:10A8A00014D08148844211D0804884420ED081481F
:10A8B00084420BD08048844208D07D48844205D031
:10A8C0007E48844202D07E48844200D104E040F2B7
:10A8D00065717048F5F762FC688828B168880228BD
:10A8E00002D068880A2800D104E040F26671694805
:10A8F000F5F754FCA888012805D0A888022802D0C2
:10A90000A888032800D104E040F267716148F5F798
:10A9100045FCE88840B1E888042805D0E888082884
:10A9200002D0E8880C2800D104E04FF4ED615948CA
:10A93000F5F734FC28890F2800DC04E040F2697147
:10A940005448F5F72BFC288850B92B89AA886988C8
:10A950002046FFF777FFE9882046FFF730FF73E0D6
:10A960002888042828D14C48844214D0B4F1804F60
:10A9700011D04A4884420ED0494884420BD04948FD
:10A98000844208D04848844205D04848844202D0D6
:10A990004748844200D104E040F277713D48F5F722
:10A9A000FDFB2B89AA8869882046FFF7E0FEE9882D
:10A9B0002046FFF7A1FE47E02888082822D1364824
:10A9C00084420ED0B4F1804F0BD03448844208D07A
:10A9D0003348844205D03348844202D0324884420E
:10A9E00000D104E040F281712A48F5F7D7FB2B89AA
:10A9F000AA8869882046FFF75BFEE9882046FFF7B2
:10AA00000DFE21E0244884420ED0B4F1804F0BD0DB
:10AA10002248844208D02248844205D021488442FA
:10AA200002D02148844200D104E040F28B711948E1
:10AA3000F5F7B4FB2B89AA8869882046FFF7C6FD85
:10AA4000E9882046FFF78DFD70BD0021018041801F
:10AA5000012181800021C180018170472DE9F041F1
:10AA600005460C46002601270B4885422DD0B5F13E
:10AA7000804F2AD00948854227D00948854224D0F2
:10AA80000848854221D0084885421ED007488542A3
:10AA90001BD017E07CD600080000014000040040F5
:10AAA00000080040000C004000040140004001404C
:10AAB000001800400044014000480140001C0040D4
:10AAC00000200040F848854200D104E040F2B37114
:10AAD000F648F5F763FB608808B9022600E0002617
:10AAE000A088012801D1022700E001272088A0B911
:10AAF0002389A28861882846FFF7A4FEE1882846BA
:10AB0000FFF75DFE23893A4631462846FFF72FFEC0
:10AB1000E1882846FFF7F0FD13E02389A2886188C9
:10AB20002846FFF724FEE1882846FFF7E5FD238944
:10AB30003A4631462846FFF785FEE1882846FFF76A
:10AB40003EFEBDE8F08110B50446D948844220D0CD
:10AB5000B4F1804F1DD0D74884421AD0D6488442E1
:10AB600017D0D648844214D0D548844211D0D54855
:10AB700084420ED0D44884420BD0D448844208D0BA
:10AB8000C948844205D0D248844202D0D148844288
:10AB900000D104E040F2E971C448F5F7FFFA606BB8
:10ABA00010BD10B50446C248844214D0B4F1804FA1
:10ABB00011D0C04884420ED0BF4884420BD0BF4859
:10ABC000844208D0BE48844205D0BE48844202D0A8
:10ABD000B548844200D104E04FF4FF61B348F5F773
:10ABE000DDFAA06B10BD10B50446B14884420ED00A
:10ABF000B4F1804F0BD0AF48844208D0AE488442B5
:10AC000005D0AE48844202D0AD48844200D104E071
:10AC100040F60601A548F5F7C1FAE06B10BD10B586
:10AC20000446A34884420ED0B4F1804F0BD0A14813
:10AC3000844208D0A048844205D0A048844202D073
:10AC40009F48844200D104E040F614019748F5F78C
:10AC5000A5FA206C10BD70B505460C469448854297
:10AC600002D09748854200D104E040F6A6018F4803
:10AC7000F5F794FA2088B0F5006F01D0208800B96C
:10AC800004E040F6A7018948F5F788FA6088B0F536
:10AC9000806F01D0608800B904E040F6A8018348C5
:10ACA000F5F77CFAA08858B1A088B0F5807F07D06E
:10ACB000A088B0F5007F03D0A088B0F5407F00D118
:10ACC00004E040F6A9017948F5F768FA2089B0F563
:10ACD000805F01D0208900B904E040F6AA017348E2
:10ACE000F5F75CFA608918B16089B0F5005F00D1B2
:10ACF00004E040F6AB016D48F5F750FAA089B0F5D5
:10AD0000804F01D0A08900B904E040F6AC0167484B
:10AD1000F5F744FA208861880843A1880843E18850
:10AD200008432189084361890843A1890843A5F89C
:10AD3000440070BD0021018041808180C18001817B
:10AD400041818181704770B504460D465848844260
:10AD500002D05B48844200D104E040F6D20153485F
:10AD6000F5F71CFA0DB1012D00D104E040F6D30136
:10AD70004E48F5F713FA35B1B4F8440040F40040FA
:10AD8000A4F8440005E0B4F84400C0F30E00A4F8B1
:10AD9000440070BD70B504460D464548844202D05B
:10ADA0004748844200D104E040F6EB013F48F5F704
:10ADB000F5F90DB1012D00D104E040F6EC013B485E
:10ADC000F5F7ECF925B1A08840F00400A08004E07C
:10ADD000A0884FF6FB710840A08070BD70B5044696
:10ADE0000D463348844202D03548844200D104E005
:10ADF00040F604112D48F5F7D1F90DB1012D00D120
:10AE000004E040F605112948F5F7C8F925B1A088F6
:10AE100040F00100A08004E0A0884FF6FE710840D9
:10AE2000A08070BD70B504460D4616462048844289
:10AE300026D0B4F1804F23D01E48844220D01E4833
:10AE400084421DD01D4884421AD02348844217D022
:10AE50002248844214D01A48844211D019488442AE
:10AE60000ED0194884420BD01848844208D00E48AE
:10AE7000844205D01648844202D01648844200D14C
:10AE800004E040F63D110948F5F788F905F47F40E4
:10AE900008B905B104E040F63E110448F5F77EF923
:10AEA0000EB1012E1CD120E0001800407CD6000815
:10AEB000000001400004004000080040000C004079
:10AEC00000040140004001400044014000480140AE
:10AED000001C004000200040001000400014004012
:10AEE00040F63F11F748F5F759F91EB1A0892843FC
:10AEF000A08102E0A089A843A08170BD70B504467E
:10AF00000D46F148844226D0B4F1804F23D0EF485B
:10AF1000844220D0EE4884421DD0EE4884421AD0AC
:10AF2000ED48844217D0ED48844214D0EC48844266
:10AF300011D0EC4884420ED0EB4884420BD0EB4851
:10AF4000844208D0EA48844205D0EA48844202D0CC
:10AF5000E948844200D104E040F66311D948F5F78E
:10AF60001DF905F47F4008B905B104E040F664110D
:10AF7000D448F5F713F9A58270BD70B504460D46A7
:10AF80000026D148844226D0B4F1804F23D0CF4848
:10AF9000844220D0CE4884421DD0CE4884421AD06C
:10AFA000CD48844217D0CD48844214D0CC48844246
:10AFB00011D0CC4884420ED0CB4884420BD0CB4831
:10AFC000844208D0CA48844205D0CA48844202D08C
:10AFD000C948844200D104E040F68511B948F5F72C
:10AFE000DDF8012D19D0022D17D0042D15D0082D14
:10AFF00013D0102D11D0202D0FD0402D0DD0802D2D
:10B000000BD0B5F5007F08D0B5F5806F05D0B5F54C
:10B01000006F02D0B5F5805F00D104E040F68611E4
:10B02000A848F5F7BBF8208A284008B1012600E0BF
:10B030000026304670BD70B504460D46A2488442D5
:10B0400026D0B4F1804F23D0A048844220D0A0481D
:10B0500084421DD09F4884421AD09F48844217D012
:10B060009E48844214D09E48844211D09D48844218
:10B070000ED09D4884420BD09C48844208D09C4806
:10B08000844205D09B48844202D09B48844200D130
:10B0900004E040F6AE118B48F5F780F8E8432082D3
:10B0A00070BD2DE9F04104460D4600260027B0464C
:10B0B0008548844226D0B4F1804F23D0834884420F
:10B0C00020D0834884421DD0824884421AD08248CE
:10B0D000844217D08148844214D08148844211D0E0
:10B0E000804884420ED0804884420BD07F488442FE
:10B0F00008D07F48844205D07E48844202D07E48F2
:10B10000844200D104E040F6CC116E48F5F746F8D1
:10B11000012D0DD0022D0BD0042D09D0082D07D004
:10B12000102D05D0202D03D0402D01D0802D00D131
:10B1300004E040F6CD116348F5F730F8208A00EAC4
:10B140000507A08900EA050827B1B8F1000F01D072
:10B15000012600E000263046BDE8F08170B50446C7
:10B160000D465948844226D0B4F1804F23D0574829
:10B17000844220D0564884421DD0564884421AD07A
:10B180005548844217D05548844214D054488442CC
:10B1900011D0544884420ED0534884420BD05348B7
:10B1A000844208D05248844205D05248844202D09A
:10B1B0005148844200D104E040F6F3114148F4F7CD
:10B1C000EDFFE843208270BD70B506460C4615467B
:10B1D0003D4886420ED0B6F1804F0BD03B488642A8
:10B1E00008D03B48864205D03A48864202D03C48C7
:10B1F000864200D104E040F618213248F4F7CEFF31
:10B200002CB3012C23D0022C21D0032C1FD0042CD2
:10B210001DD0052C1BD0062C19D0072C17D0082CBC
:10B2200015D0092C13D00A2C11D00B2C0FD00C2CBC
:10B230000DD00D2C0BD00E2C09D00F2C07D0102CBC
:10B2400005D0112C03D0122C01D0132C00D104E016
:10B2500040F619211B48F4F7A1FF95B3B5F5807F9F
:10B260002FD0B5F5007F2CD0B5F5407F29D0B5F5AE
:10B27000806F26D0B5F5A06F23D0B5F5C06F20D074
:10B28000B5F5E06F1DD0B5F5006F1AD0B5F5106FAC
:10B2900017D0B5F5206F14D0B5F5306F11D0B5F5D6
:10B2A000406F0ED0B5F5506F0BD0B5F5606F08D07C
:10B2B000B5F5706F05D0B5F5805F02D0B5F5885F44
:10B2C0001CD120E07CD600080000014000040040B2
:10B2D00000080040000C0040001000400014004036
:10B2E000000401400040014000440140004801408A
:10B2F00000180040001C00400020004040F61A21C9
:10B30000FA48F4F74BFF44EA0500A6F8480070BD80
:10B3100070B504460D461646F548844214D0B4F183
:10B32000804F11D0F34884420ED0F34884420BD0B2
:10B33000F248844208D0F248844205D0F148844261
:10B3400002D0F148844200D104E040F63321E748BE
:10B35000F4F724FF48F2FF00284008B905B104E0E3
:10B3600040F63421E148F4F719FF0EB1012E00D167
:10B3700004E040F63521DD48F4F710FF1EB1A08946
:10B380002843A08102E0A089A843A08170BD70B5C8
:10B3900004460D46D64884420ED0B4F1804F0BD0FF
:10B3A000D448844208D0D448844205D0D34884424B
:10B3B00002D0D548844200D104E040F64D21CB486C
:10B3C000F4F7ECFE0DB1012D00D104E040F64E2162
:10B3D000C648F4F7E3FE25B1A08840F00800A0803D
:10B3E00004E0A0884FF6F7710840A08070BD10B54A
:10B3F0000446BF48844214D0B4F1804F11D0BD48F8
:10B4000084420ED0BC4884420BD0BC48844208D051
:10B41000BD48844205D0BD48844202D0BC48844225
:10B4200000D104E040F67421B048F4F7B7FE20895B
:10B430004FF6F8710840208110BD70B504460D46E6
:10B440000026AB48844220D0B4F1804F1DD0A948DB
:10B4500084421AD0A848844217D0A848844214D005
:10B46000A948844211D0A94884420ED0A9488442F8
:10B470000BD0A948844208D0A548844205D0A748EB
:10B48000844202D0A648844200D104E040F6443110
:10B490009648F4F783FE6DB1102D0BD0202D09D006
:10B4A000302D07D0402D05D0502D03D0602D01D078
:10B4B000702D00D104E040F645318C48F4F76EFE63
:10B4C00026894FF68F7006402E43268170BD70B5D9
:10B4D00004460D468648844214D0B4F1804F11D002
:10B4E000844884420ED0844884420BD083488442EE
:10B4F00008D08548844205D08448844202D08448DC
:10B50000844200D104E040F689217848F4F746FEF1
:10B510002DB1102D03D0202D01D0302D00D104E00D
:10B5200040F68A217148F4F739FE29462046FFF794
:10B5300084FF208940F00700208170BD2DE9F04193
:10B5400004460E4615461F466948844220D0B4F191
:10B55000804F1DD0674884421AD06748844217D074
:10B560006648844214D06848844211D067488442B7
:10B570000ED0684884420BD06748844208D06448A3
:10B58000844205D06548844202D06548844200D197
:10B5900004E040F6A8215548F4F700FE1DB1022D45
:10B5A00001D00A2D00D104E040F6A9214F48F4F75C
:10B5B000F5FD0F2F00DC04E040F6AA214B48F4F71C
:10B5C000EDFD602E06D13B46012229462046FFF7BD
:10B5D000CEF805E03B46012229462046FFF732F926
:10B5E00031462046FFF729FF208940F007002081DF
:10B5F000BDE8F0812DE9F04104460D4616461F4690
:10B600004FF000083A4884420ED0B4F1804F0BD07E
:10B610003848844208D03848844205D037488442AC
:10B6200002D03948844200D104E040F6BD312F48B1
:10B63000F4F7B4FD45B1B5F5805F05D0B5F5005F11
:10B6400002D0B5F5405F00D104E040F6BE31274896
:10B65000F4F7A4FDB6F5004F00D006B904E040F6BB
:10B66000BF312248F4F79AFD0F2F00DC04E04FF4BD
:10B670003C611E48F4F792FDB4F8088008F0FF081A
:10B680004FF6FF7000EA07203043284340EA0808DD
:10B69000A4F80880BDE8F0812DE9F04104460D468C
:10B6A000174698460026124884420ED0B4F1804FC7
:10B6B0000BD01048844208D00F48844205D00F4870
:10B6C000844202D01048844200D104E040F6D221E6
:10B6D0000648F4F763FD45B1B5F5805F05D0B5F5D3
:10B6E000005F02D0B5F5405F1CD120E07CD6000899
:10B6F000000001400004004000080040000C004031
:10B7000000100040001400400004014000400140CF
:10B71000001800400044014000480140001C004067
:10B720000020004040F6D321FA48F4F737FDB7F582
:10B73000004F00D007B904E040F6D421F548F4F7F3
:10B740002DFDB8F10F0F00DC04E040F6D521F148E3
:10B75000F4F724FD43463A4629462046FFF74AFFC0
:10B7600026894FF6F870064046F007064FF68F70B0
:10B77000064046F070062681BDE8F0812DE9F041D3
:10B7800004460D4616461F46E34884420ED0B4F1E7
:10B79000804F0BD0E148844208D0E148844205D074
:10B7A000E048844202D0E048844200D104E040F600
:10B7B000FF21D848F4F7F2FC45B1B5F5805F05D01C
:10B7C000B5F5005F02D0B5F5405F00D104E04FF45D
:10B7D0003061D048F4F7E2FCB6F5004F00D006B96E
:10B7E00004E040F60131CB48F4F7D8FC0F2F00DC21
:10B7F00004E040F60231C748F4F7D0FC3B4632463D
:10B8000029462046FFF7F6FE208940F4804020813B
:10B81000BDE8F08170B504460D46BF48844214D09F
:10B82000B4F1804F11D0BD4884420ED0BC48844250
:10B830000BD0BC48844208D0BC48844205D0BC48E8
:10B84000844202D0B848844200D104E040F66D3111
:10B85000B048F4F7A3FC6DB1102D0BD0202D09D00A
:10B86000302D07D0402D05D0502D03D0602D01D0B4
:10B87000702D00D104E040F66E31A648F4F78EFC3E
:10B88000A0884FF68F710840A080A0882843A08030
:10B8900070BD70B504460D469F48844214D0B4F183
:10B8A000804F11D09D4884420ED09D4884420BD0D9
:10B8B0009C48844208D09C48844205D09D488442DC
:10B8C00002D09D48844200D104E040F68531914881
:10B8D000F4F764FC042D05D0052D03D0062D01D00E
:10B8E000072D00D104E040F686318A48F4F756FC73
:10B8F00020894FF6F8710840208120892843208153
:10B9000070BD70B504460D468348844214D0B4F12E
:10B91000804F11D0814884420ED0814884420BD0A0
:10B920008048844208D08048844205D081488442BF
:10B9300002D08148844200D104E040F69C31754831
:10B94000F4F72CFC802D00D005B904E040F69D31C1
:10B950007048F4F723FC20894FF67F71084020815E
:10B9600020892843208170BD2DE9F04704460D460B
:10B9700016461F464FF00008C146C246664884423C
:10B9800014D0B4F1804F11D0644884420ED0644882
:10B9900084420BD06348844208D06348844205D077
:10B9A0006448844202D06448844200D104E040F6F6
:10B9B000F9315848F4F7F2FB012D03D0022D01D0E4
:10B9C000032D00D104E040F6FA315248F4F7E6FBCB
:10B9D0001EB1022E01D00A2E00D104E040F6FB3148
:10B9E0004C48F4F7DBFB1FB1022F01D00A2F00D126
:10B9F00004E040F6FC314748F4F7D0FBB4F8088087
:10BA0000B4F81890B4F820A04FF6F87008EA0008CF
:10BA100048EA05084FF6FC4009EA000940F2011027
:10BA200049EA00094FF6DD700AEA000A4FF6FF7096
:10BA300000EA0710304340EA0A0AA4F80880A4F894
:10BA40001890A4F820A0BDE8F08770B504460D4614
:10BA50003148844214D0B4F1804F11D02F48844231
:10BA60000ED02F4884420BD02E48844208D02E4856
:10BA7000844205D02F48844202D02F48844200D10E
:10BA800004E040F628412348F4F788FB0DB1012D6E
:10BA900000D104E040F629411E48F4F77FFB25B1B0
:10BAA000A08840F08000A08004E0A0884FF67F715D
:10BAB0000840A08070BD70B505460C46B5F1804FBA
:10BAC00005D01848854202D01C48854200D104E0C8
:10BAD00040F65B410F48F4F761FB94B1B4F5806F19
:10BAE0000FD0B4F5006F0CD0B4F5406F09D044B15D
:10BAF000402C06D0802C04D0C02C02D00CB1022CDB
:10BB000000D104E040F65C410248F4F747FBA5F899
:10BB1000504070BD7CD60008000001400004004089
:10BB200000080040000C00400004014000100040EC
:10BB3000001400400040014000180040004801404F
:10BB400010B50446F84884420ED0F84884420BD021
:10BB5000F748844208D0F748844205D0F64884422A
:10BB600002D0F648844200D103E0B521F448F4F74E
:10BB700015FBED48844208D101211020FCF78EFD11
:10BB800000211020FCF78AFD3EE0E848844209D1FC
:10BB900001214804FCF75BFD00214FF40030FCF765
:10BBA00056FD31E0E248844209D101218804FCF7C6
:10BBB0004EFD00214FF48020FCF749FD24E0DD48D4
:10BBC000844209D10121C804FCF741FD00214FF452
:10BBD0000020FCF73CFD17E0D748844209D1012141
:10BBE0000805FCF734FD00214FF48010FCF72FFD11
:10BBF0000AE0D248844207D101212020FCF74EFD03
:10BC000000212020FCF74AFD10BD2DE9FF47054625
:10BC10000C460026B14600BFB046C34885420ED050
:10BC2000C24885420BD0C248854208D0C1488542EF
:10BC300005D0C148854202D0C048854200D103E00A
:10BC4000EB21BF48F4F7AAFA206820B1BD4920686B
:10BC5000884200D203E0EC21B948F4F79FFAA088AB
:10BC600018B1A088B0F5805F00D103E0ED21B448A1
:10BC7000F4F794FAE08858B1E088B0F5805F07D017
:10BC8000E088B0F5005F03D0E088B0F5405F00D1F8
:10BC900003E0EE21AA48F4F781FA208938B120891F
:10BCA000B0F5806F03D02089B0F5C06F00D103E0FC
:10BCB000EF21A348F4F772FA60894FF6F371084058
:10BCC00010B9608900B103E0F0219D48F4F766FAED
:10BCD000A08958B1A089B0F5807F07D0A089B0F5C0
:10BCE000007F03D0A089B0F5407F00D103E0F121AF
:10BCF0009348F4F753FAA08980B18B48854208D065
:10BD00008A48854205D08A48854202D08B488542C0
:10BD100000D103E0F6218A48F4F740FA2E8A26F48F
:10BD20004056E08806432E82AE8941F20C6086437D
:10BD3000A08821890843618908430643AE81AE8A01
:10BD400026F44076A0890643AE826846FCF7E5F902
:10BD50007548854202D07948854202D1DDF80C90C1
:10BD600001E0DDF80890A88900F4004040B109EB3B
:10BD7000C90000EB091021684900B0FBF1F707E0AA
:10BD800009EBC90000EB091021688900B0FBF1F74D
:10BD90006420B7FBF0F006013009642101FB107844
:10BDA000A88900F4004040B1322000EBC800B0FB8D
:10BDB000F1F000F00700064308E0322000EB081025
:10BDC0006421B0FBF1F000F00F0006432E81BDE8C6
:10BDD000FF874FF41651016000218180C1800181ED
:10BDE0000C21418100218181704770B505460C46C8
:10BDF00000264D48854208D04C48854205D04C4825
:10BE0000854202D04D48854200D104E04FF4B6711E
:10BE10004B48F4F7C3F9208818B12088B0F5006FBB
:10BE200000D104E040F26D114548F4F7B7F960889D
:10BE300018B16088B0F5806F00D104E04FF4B7719D
:10BE40003F48F4F7ABF9A08818B1A088B0F5007F9F
:10BE500000D104E040F26F113948F4F79FF9E0880F
:10BE600018B1E088B0F5807F00D104E04FF4B871DC
:10BE70003348F4F793F92E8A26F470662088618897
:10BE80000843A1880843E188084306432E8270BD19
:10BE90000021018041808180C180704770B50446D7
:10BEA0000D46214884420ED0204884420BD02048C1
:10BEB000844208D01F48844205D01F48844202D0E3
:10BEC0001E48844200D104E040F29B111C48F4F764
:10BED00065F90DB1012D00D104E04FF4CE71184881
:10BEE000F4F75CF925B1A08940F40050A08104E08A
:10BEF000A0894DF6FF710840A08170BD70B5044661
:10BF00000D46094884420ED0084884420BD00848A8
:10BF1000844208D00748844205D00748844202D0B2
:10BF20000648844210D114E0001001400044004053
:10BF300000480040004C0040005000400014014008
:10BF4000D0D60008E170720040F2B511FA48F4F75B
:10BF500025F9208B00F47F402083208B2843208309
:10BF600070BD70B504460D46F44884420ED0F448C6
:10BF700084420BD0F348844208D0F348844205D071
:10BF8000F248844202D0F248844200D104E04FF4E7
:10BF9000E571E948F4F702F90DB1012D00D104E093
:10BFA00040F2CB11E448F4F7F9F825B1A08940F448
:10BFB0000040A08103E0A089C0F30E00A08170BD05
:10BFC00070B504460D46DD4884420ED0DC488442FC
:10BFD0000BD0DC48844208D0DB48844205D0DB48E3
:10BFE000844202D0DA48844200D104E04FF4F27176
:10BFF000D148F4F7D3F80DB1012D00D104E040F29F
:10C00000E511CD48F4F7CAF825B1A08A40F40060E4
:10C01000A08204E0A08A4FF2FF710840A08270BDA8
:10C0200070B504460D46C54884420ED0C4488442CB
:10C030000BD0C448844208D0C348844205D0C348CA
:10C04000844202D0C248844200D104E040F21D2163
:10C05000B948F4F7A3F8B5F5007F00DA04E040F240
:10C060001E21B548F4F79AF8C5F30800A08070BD0A
:10C0700010B50446B14884420ED0B14884420BD07A
:10C08000B048844208D0B048844205D0AF488442CA
:10C0900002D0AF48844200D104E040F22D21A648EE
:10C0A000F4F77CF8A088C0F3080010BD70B5044612
:10C0B0000D46A24884420ED0A14884420BD0A1482C
:10C0C000844208D0A048844205D0A048844202D0CF
:10C0D0009F48844200D104E04FF418719648F4F769
:10C0E0005DF80F2D00DC04E040F261219248F4F786
:10C0F00055F8208A4FF6F07108402082208A2843A4
:10C10000208270BD70B504460D468C4884420ED026
:10C110008B4884420BD08B48844208D08A488442A2
:10C1200005D08A48844202D08948844200D104E084
:10C130004FF41D718048F4F731F80DB1012D00D195
:10C1400004E040F275217C48F4F728F825B1A08975
:10C1500040F00200A08104E0A0894FF6FD71084084
:10C16000A08170BD70B504460D46744884420ED05F
:10C17000734884420BD07348844208D0724884428A
:10C1800005D07248844202D07148844200D104E054
:10C1900040F28F216848F4F701F815B1B5F5006F4A
:10C1A00000D104E04FF424716348F3F7F7FFA0894E
:10C1B0004FF2FF710840A081A0892843A08170BD83
:10C1C00070B504460D465D4884420ED05C488442FA
:10C1D0000BD05C48844208D05B48844205D05B4861
:10C1E000844202D05A48844200D104E04FF43571B1
:10C1F0005148F3F7D3FF0DB1202D00D104E040F2F8
:10C20000D5214D48F3F7CAFF208A4FF6DF71084069
:10C210002082208A2843208270BD70B504460D46D6
:10C22000464884420ED0464884420BD0454884425A
:10C2300008D04548844205D04448844202D044484E
:10C24000844200D104E040F2E6213B48F3F7A6FF28
:10C250000DB1012D00D104E040F2E7213648F3F79B
:10C260009DFF25B1208A40F48040208204E0208A8E
:10C270004BF6FF710840208270BD10B504462F4870
:10C2800084420ED02E4884420BD02E48844208D0DF
:10C290002D48844205D02D48844202D02C48844247
:10C2A00000D104E040F2FE212348F3F777FFA08994
:10C2B00040F00100A08110BD70B504460D461F4836
:10C2C00084420ED01E4884420BD01E48844208D0BF
:10C2D0001D48844205D01D48844202D01C48844237
:10C2E00000D104E040F233311348F3F757FF0DB1AA
:10C2F000012D00D104E04FF44D710F48F3F74EFFCC
:10C3000025B1A08A40F00800A08204E0A08A4FF680
:10C31000F7710840A08270BD70B504460D4607480D
:10C32000844208D00648844205D00648844202D0A0
:10C33000074884420ED112E0D0D600080010014018
:10C340000044004000480040004C004000500040C5
:10C35000001401404FF46271FE48F3F71FFF208B79
:10C36000C0B22083208B40EA0520208370BD70B5C9
:10C3700004460D46F848844208D0F848844205D067
:10C38000F748844202D0F748844200D104E040F2EA
:10C390009B31F048F3F702FF0DB1012D00D104E00D
:10C3A0004FF46771EB48F3F7F9FE25B1A08A40F02E
:10C3B0002000A08204E0A08A4FF6DF710840A0822E
:10C3C00070BD70B504460D46E348844208D0E3488A
:10C3D000844205D0E248844202D0E248844200D13F
:10C3E00004E04FF46D71DB48F3F7D8FE0DB1012D79
:10C3F00000D104E040F2B531D648F3F7CFFE25B1C5
:10C40000A08A40F01000A08204E0A08A4FF6EF71ED
:10C410000840A08270BD70B504460D46CE488442E7
:10C420000ED0CE4884420BD0CD48844208D0CE48AE
:10C43000844205D0CD48844202D0CA48844200D10B
:10C4400004E040F2FB31C348F3F7A8FE042D00D00E
:10C4500005B904E04FF47F71BE48F3F79FFEA08A50
:10C460004FF6FB710840A082A08A2843A08270BDCD
:10C4700070B504460D46B84884420ED0B748844291
:10C480000BD0B748844208D0B748844205D0B7489B
:10C49000844202D0B348844200D104E040F20D410E
:10C4A000AC48F3F77BFE0DB1012D00D104E040F262
:10C4B0000E41A848F3F772FE25B1A08A40F00200B1
:10C4C000A08204E0A08A4FF6FD710840A08270BDF2
:10C4D00070B504460D4616469F4884420ED09F48CC
:10C4E00084420BD09E48844208D09F48844205D0A5
:10C4F0009E48844202D09B48844200D104E040F22E
:10C500003B419448F3F74AFE4FF63F70284008B984
:10C5100005B104E040F23C418E48F3F73FFE0EB116
:10C52000012E00D104E040F23D418A48F3F736FE87
:10C530001EB1A08A2843A08202E0A08AA843A0825C
:10C5400070BD2DE9F04704460D4617464FF0000830
:10C55000C246C1460026804884420ED07F488442AD
:10C560000BD07F48844208D07F48844205D07F4862
:10C57000844202D07B48844200D104E040F2BD41B5
:10C580007448F3F70BFE282D19D040F2277085422E
:10C5900015D040F22660854211D040F225508542E8
:10C5A0000DD040F22440854209D040F64600854235
:10C5B00005D040F66A10854201D0602D00D104E01C
:10C5C00040F2BE416348F3F7E9FD0FB1012F00D1FE
:10C5D00004E040F2BF415F48F3F7E0FD40F66A1027
:10C5E000854211D15C48844208D05C48844205D021
:10C5F0005B48844202D05B48844200D104E040F2B0
:10C60000C4415448F3F7CAFD2646C5F3421805F065
:10C610001F0A012000FA0AF9B8F1010F01D10C3606
:10C6200005E0B8F1020F01D1103600E0143627B151
:10C63000306840EA0900306003E0306820EA090011
:10C640003060BDE8F08770B505460C4600264248CC
:10C6500085420ED0414885420BD04148854208D0E2
:10C660004148854205D04148854202D03D48854237
:10C6700000D104E040F2FC413648F3F78FFD012C75
:10C6800013D0802C11D0402C0FD0202C0DD0102C8A
:10C690000BD0B4F5807F08D0B4F5007F05D0082C0E
:10C6A00003D0042C01D0022C00D104E040F2FD4163
:10C6B0002848F3F773FDB4F5007F11D12648854271
:10C6C00008D02648854205D02548854202D0254815
:10C6D000854200D104E040F202511E48F3F75EFDAE
:10C6E0002888204008B1012600E00026304670BDB1
:10C6F00070B504460D46184884420ED0174884424F
:10C700000BD01748844208D01748844205D01748F8
:10C71000844202D01348844200D104E040F22C51FC
:10C720000C48F3F73BFD4FF69F40284008B905B190
:10C7300004E040F22D510748F3F730FD05F4007096
:10C74000B0F5007F20D10448844217D003488442CA
:10C7500014D00DE0D0D60008001001400044004085
:10C760000048004000140140004C004000500040D0
:10C770007548844202D07548844200D104E040F2FA
:10C7800032517348F3F70AFDE843208070BD2DE96C
:10C79000F04705460C4600270026B046B1466D48D6
:10C7A00085420ED06C4885420BD06748854208D040
:10C7B0006A48854205D06A48854202D0634885426E
:10C7C00000D104E04FF4AA616148F3F7E7FC282C9C
:10C7D00027D040F22770844223D040F22660844262
:10C7E0001FD040F2255084421BD040F224408442A6
:10C7F00017D040F64600844213D040F66A108442B7
:10C800000FD0B4F5587F0CD040F22530844208D0C8
:10C81000B4F5587F05D0B4F5187F02D0B4F5B07FD9
:10C8200000D104E040F251514948F3F7B7FC40F61B
:10C830006A10844211D14748854208D04648854253
:10C8400005D04148854202D04048854200D104E0ED
:10C8500040F256513E48F3F7A1FCC4F3421804F0ED
:10C860001F06012000FA06F6B8F1010F02D1A889CF
:10C87000064007E0B8F1020F02D1288A064001E025
:10C88000A88A06402712012000FA07F728880740E7
:10C890001EB117B14FF0010901E04FF00009484601
:10C8A000BDE8F0872DE9F04104460D46002600273B
:10C8B000284884420ED0284884420BD02248844223
:10C8C00008D02648844205D02548844202D01F481B
:10C8D000844200D104E040F299511D48F3F75EFC18
:10C8E00040F2266085420BD040F22550854207D0A9
:10C8F00040F64600854203D040F66A10854200D1DA
:10C9000004E040F29A511248F3F748FC40F66A10EE
:10C91000854211D10F48844208D00F48844205D087
:10C920000948844202D00948844200D104E040F220
:10C930009F510748F3F732FC2E120120B04087B216
:10C94000F8432080BDE8F081004800400014014019
:10C95000D0D600080010014000440040004C0040C8
:10C960000050004030B509296AD2DFE801F06905BE
:10C970000C691B3C424F5C004278037842EA032278
:10C98000584B9A805CE04278037842EA032212B264
:10C99000544B1A80C278837842EA032212B2514B78
:10C9A0005A804DE00278504B1B7803EB43034F4C09
:10C9B00004EB43031A7132224B4B1B7803EB430306
:10C9C00004EB43035A80C278837842EA0323464A41
:10C9D00014781278521C444D2A7004EB4402434CE4
:10C9E00024F812302CE00278414B1A8042785A80A9
:10C9F00026E04278037842EA03223E4B1A80C2784E
:10CA0000837842EA03223B4B5A8019E0427803784C
:10CA100042EA0322374B9A80C278837842EA0322A3
:10CA2000344BDA800CE04278037842EA0322314B3F
:10CA30001A81C278837842EA03222E4B5A8100BFC2
:10CA400000BF30BD10B504462B480078052835D20C
:10CA5000DFE800F0030911172700AA2C02D10120FA
:10CA6000254908702AE0552C01D1022000E0002061
:10CA70002149087022E02148047003201E490870F3
:10CA80001CE01F4801780078401C1D4A10701D48AA
:10CA9000445410460078042802DB0420164908702C
:10CAA0000CE05D2C04D1154801781648FFF75AFFB9
:10CAB0000020114908701249087000BF00BF10BD66
:10CAC00038B50446AA208DF8000055208DF80100E5
:10CAD0008DF802405D208DF8030004216846F7F7C9
:10CAE00099FB38BDC6010020CC0100204012002077
:10CAF000B8010020C0130020CD010020CE0100208D
:10CB0000CF010020D00100202DE9FE4F804681EAB0
:10CB10000300C00F0C46009021F0004123F00045B7
:10CB2000B8EB0200A94105D24046214690461C467A
:10CB30000B46024623F00040104347D0270DC7F3B1
:10CB40000A00C3F30A510290401A019040286BDAA0
:10CB5000C3F3130040F4801B0098924620B10023D9
:10CB6000D2EB030A63EB0B0B01985946C0F140026C
:10CB7000504600F079F906460D4650465946019A4E
:10CB800000F091F910EB08006141002487EA11528E
:10CB900084EAE7731A4340D0009A62B3019A012AEB
:10CBA0004FEA075215DC001B61EB02014FF0004217
:10CBB00002EA0752CDE90042001C41F580113246DD
:10CBC0002B4600F0C8F903B0BDE8F08F404621467F
:10CBD000F9E7001B61EB0201001C41F5801300180E
:10CBE0005B412018A2F5001747EB030140EAD5701E
:10CBF000B6196D4111E06D084FEA360645EAC07579
:10CC00004FEA0752001B61EB0201001C41F5801145
:10CC100049084FEA30000019514132462B4603B013
:10CC2000BDE8F04F00F088B90098012240000023D1
:10CC3000D0EB020263EBE073009821464FEAE07408
:10CC4000B8EB000061EB0401E9E783F000435BE728
:10CC500081F0004158E72DE9FE4F81EA030404F01A
:10CC6000004421F0004100944FF0000B23F00043FA
:10CC700050EA01045ED052EA03045BD0C3F30A54C5
:10CC8000C1F30A552C44A4F2F3340194A0FB0254DE
:10CC9000C1F3130141F48011C3F3130343F4801370
:10CCA00001FB024400FB034E840A970A44EA8154C4
:10CCB00047EA8357A4FB076802958D0A05FB0785A1
:10CCC0004FEA932C04FB0C542705029D4FEA0658AB
:10CCD00047EA1637B5EB08056EEB070C870E920E88
:10CCE00047EA811742EA8312A7FB0201B6EB0B0168
:10CCF00064EB00042B0D43EA0C335E1844EB1C502C
:10CD0000DA465146E7FB0201C5F313044FEA0B3341
:10CD100043EA14534FEA0432019C43EA0603A4F1A8
:10CD20000C040294009CCDE900B400F014F903B0A7
:10CD3000BDE8F08F00200146F9E70EB5C10F80EA8B
:10CD4000E0700844CA07002140F233438DE80E002A
:10CD50000A460B4600F0FFF803B000BD0EB540F2E6
:10CD6000334102910021CDE900110A460B4600F043
:10CD7000F2F803B000BDC1F30A5210B5C1F31301BC
:10CD800040F2FF3341F480119A4201DA002010BDD5
:10CD900040F233439A42A2F2334203DC524200F0A3
:10CDA00072F810BD904010BD00F0004230F000401D
:10CDB0000AD0C10D01F56071C0F3160042EA0151BD
:10CDC000C208400711437047002001467047000029
:10CDD00030B5041E71F1000404DB4FF00044404202
:10CDE00064EB0101141E73F1000405DB1C464FF0D7
:10CDF0000043524263EB04038B4208BF824230BDC2
:10CE000030B5041E71F1000404DB4FF000444042D1
:10CE100064EB0101141E73F1000405DB1C464FF0A6
:10CE20000043524263EB0403994208BF904230BD75
:10CE300001F0004330B421F0004150EA010206D075
:10CE40000A0DA2F56072C1F31301002A02DC30BCA6
:10CE500000207047440F44EAC104C100E01830BC10
:10CE600000EBC25000F031B8202A04DB203A00FA6F
:10CE700002F1002070479140C2F1200320FA03F331
:10CE8000194390407047202A04DB203A21FA02F02F
:10CE90000021704721FA02F3D040C2F120029140F4
:10CEA000084319467047202A06DBCB17203A41FA7F
:10CEB00002F043EAE07306E041FA02F3D040C2F127
:10CEC000200291400843194670470029A8BF7047C7
:10CED000401C490008BF20F00100704710B4B0FAB0
:10CEE00080FC00FA0CF050EA010404BF10BC70474B
:10CEF00049B1CCF1200421FA04F411FA0CF118BF65
:10CF0000012121430843A3EB0C01CB1D4FEA006133
:10CF10004FEA102042BF002010BC704700EBC35006
:10CF200010440029A4BF10BC7047401C490008BF32
:10CF300020F0010010BC704710B5141E73F10004FE
:10CF400008DA401C41F1000192185B411A4301D1FB
:10CF500020F0010010BD2DE9F04D92469B4611B125
:10CF6000B1FA81F202E0B0FA80F220329046FFF787
:10CF70007BFF04460F4640EA0A0041EA0B01534694
:10CF80005A46084313D0114653EA010019D0C8F19C
:10CF900040025046FFF777FF05460E465046594679
:10CFA0004246FFF761FF084305D0012004E0204618
:10CFB0003946BDE8F08D0020054346EAE0762C4373
:10CFC00037430A986305E40AA0EB08000022FD0A33
:10CFD00044EA47540A3002D500200146E9E701053A
:10CFE00010196941DDE9084500196941BDE8F04DB6
:10CFF000A2E70000064C074D06E0E06840F00103A0
:10D0000094E8070098471034AC42F6D3F3F7C0F821
:10D0100024D7000844D7000870B58C1810F8015BBD
:10D0200015F0070301D110F8013B2A1106D110F8C1
:10D03000012B03E010F8016B01F8016B5B1EF9D1C5
:10D040002B0705D40023521E0DD401F8013BFAE74B
:10D0500010F8013BCB1A921C03E013F8015B01F8B6
:10D06000015B521EF9D5A142D8D3002070BD02E069
:10D0700008C8121F08C1002AFAD170477047002063
:10D0800001E001C1121F002AFBD17047000000001F
:10D090005680803BD37F003C77BE403CCF7D803CB8
:10D0A0005B9BA03CA6B7C03C6ED2E03CB775003D90
:10D0B0003581103D918B203DAB94303D609C403DCF
:10D0C00092A2503D25A7603DF1A9703D6F55803D6E
:10D0D000E354883D4753903D8C50983D9F4CA03D74
:10D0E0007247A83DF740B03D1B39B83DD22FC03D37
:10D0F0000C25C83DB218D03DC60AD83D2DFBDF3DFA
:10D10000D9E9E73DB0D6EF3DBEC1F73DDBAAFF3D13
:10D1100004C9033E95BB073E20AD0B3E979D0F3ED5
:10D12000F58C133E397B173E56681B3E3E541F3E1E
:10D13000F83E233E7728273EB4102B3EA1F72E3E23
:10D1400045DD323E93C1363E7DA43A3E0A863E3EE0
:10D150002766423ED844463E12224A3EC7FD4D3E17
:10D16000FED7513EAFB0553EC687593E4B5D5D3E42
:10D170003731613E7C03653E1AD4683E0AA36C3E9B
:10D180004770703EC83B743E8805783E86CD7B3E36
:10D19000B5937F3E0EAC813E538D833EAE6D853E92
:10D1A000164D873E8D2B893E0F098B3E99E58C3EAF
:10D1B0002BC18E3EC19B903E5475923EE94D943EEC
:10D1C0007B25963E07FC973E8BD1993E02A69B3E5F
:10D1D0006F799D3ECD4B9F3E1C1DA13E57EDA23E5B
:10D1E0007FBCA43E8D8AA63E8457A83E6223AA3EF9
:10D1F00023EEAB3EC2B7AD3E4580AF3EA447B13E45
:10D20000E20DB33EF9D2B43EE996B63EB159B83E0E
:10D210004F1BBA3EC2DBBB3E079BBD3E1E59BF3E05
:10D220000416C13EBCD1C23E3F8CC43E8E45C63EB4
:10D23000A4FDC73E89B4C93E336ACB3EA41ECD3E91
:10D24000DAD1CE3ED583D03E9434D23E18E4D33EDC
:10D250005A92D53E603FD73E21EBD83EA395DA3EA9
:10D26000E33EDC3EE1E6DD3E9A8DDF3E0D33E13EFE
:10D270003AD7E23E227AE43EC51BE63E1BBCE73EBF
:10D280002F5BE93EF7F8EA3E7695EC3EA930EE3E9C
:10D2900093CAEF3E3563F13E86FAF23E8F90F43E3C
:10D2A0004925F63EB9B8F73EDA4AF93EAFDBFA3E19
:10D2B000386BFC3E71F9FD3E5A86FF3EFC88003F0C
:10D2C000234E013FA212023F7BD6023FAC99033F9F
:10D2D000365C043F171E053F51DF053FE39F063FC5
:10D2E000CE5F073F121F083FADDD083FA29B093FFD
:10D2F000EF580A3F94150B3F93D10B3FE98C0C3F3D
:10D300009A470D3FA2010E3F03BB0E3FBF730F3F75
:10D31000D32B103F41E3103F089A113F2A50123F90
:10D32000A405133F79BA133FA86E143F3322153F6B
:10D3300018D5153F5787163FF138173FE7E9173FD4
:10D34000389A183FE749193FEFF8193F55A71A3F98
:10D3500018551B3F37021C3FB3AE1C3F8E5A1D3F72
:10D36000C4051E3F5AB01E3F4E5A1F3FA103203F27
:10D3700052AC203F6354213FD3FB213FA4A2223F64
:10D38000D548233F67EE233F5A93243FAD37253FCF
:10D3900063DB253F7A7E263FF420273FD2C2273F1A
:10D3A0001364283FB704293FBFA4293F2C442A3FD8
:10D3B000FEE22A3F33812B3FD11E2C3FD2BB2C3FB4
:10D3C0003C582D3F0CF42D3F438F2E3FE1292F3F3A
:10D3D000E9C32F3F595D303F33F6303F758E313F03
:10D3E0002126323F39BD323FBB53333FA9E9333F9A
:10D3F000027F343FC713353FF9A7353F993B363F8E
:10D40000A6CE363F2161373F0BF3373F6484383F68
:10D410002E15393F65A5393F0F353A3F2AC43A3FAB
:10D42000B4523B3FB3E03B3F226E3C3F06FB3C3FE8
:10D430005D873D3F26133E3F679E3E3F1A293F3F93
:10D4400044B33F3FE43C403FF9C5403F864E413F37
:10D4500089D6413F065E423FFAE4423F676B433F55
:10D460004FF1433FB076443F8CFB443FE27F453F62
:10D47000B403463F0187463FCB09473F138C473FE4
:10D48000D70D483F198F483FDD0F493FDD0F493F1A
:10D490002E2E5C447269766572734D63755C5354CD
:10D4A0004D3332463430375C4C6962726172696563
:10D4B000735C53544D3332463478785F5374645000
:10D4C00065726970685F4472697665725C737263D5
:10D4D0005C6D6973632E63002E2E5C447269766501
:10D4E00072734D63755C53544D3332463430375C40
:10D4F0004C69627261726965735C53544D33324694
:10D500003478785F5374645065726970685F4472F0
:10D51000697665725C7372635C73746D3332663402
:10D5200078785F6164632E63000000002E2E5C44F7
:10D530007269766572734D63755C53544D33324630
:10D540003430375C4C69627261726965735C535444
:10D550004D3332463478785F537464506572697025
:10D56000685F4472697665725C7372635C73746D34
:10D570003332663478785F646D612E63000000009A
:10D580002E2E5C447269766572734D63755C5354DC
:10D590004D3332463430375C4C6962726172696572
:10D5A000735C53544D3332463478785F537464500F
:10D5B00065726970685F4472697665725C737263E4
:10D5C0005C73746D3332663478785F657874692E75
:10D5D000630000002E2E5C447269766572734D63A1
:10D5E000755C53544D3332463430375C4C6962724B
:10D5F00061726965735C53544D3332463478785F99
:10D600005374645065726970685F447269766572BC
:10D610005C7372635C73746D3332663478785F6701
:10D6200070696F2E630000002E2E5C44726976656F
:10D6300072734D63755C53544D3332463430375CEE
:10D640004C69627261726965735C53544D33324642
:10D650003478785F5374645065726970685F44729F
:10D66000697665725C7372635C73746D33326634B1
:10D6700078785F7263632E63000000002E2E5C4496
:10D680007269766572734D63755C53544D333246DF
:10D690003430375C4C69627261726965735C5354F3
:10D6A0004D3332463478785F5374645065726970D4
:10D6B000685F4472697665725C7372635C73746DE3
:10D6C0003332663478785F74696D2E630000000031
:10D6D0002E2E5C447269766572734D63755C53548B
:10D6E0004D3332463430375C4C6962726172696521
:10D6F000735C53544D3332463478785F53746450BE
:10D7000065726970685F4472697665725C73726392
:10D710005C73746D3332663478785F7573617274DC
:10D720002E63000044D7000800000020D80100004C
:10D7300018D00008F4D70008D8010020F81900001C
:10D740007ED0000813B1016408E8031AB30C63F437
:10D75000011AB50C72C81AB70C72641AB90C72327D
:10D760001AC10C72141AC30C72025A0144015616E3
:10D77000B56206080612641A01024B7A120E3AC804
:10D780000E1BDE6A0E13071414400D031BA0861235
:10D7900019885A34DC1BD1CA1C111A14262133D023
:10D7A000082AC23249A91BB8421C53090D63FFFF66
:10D7B0001C031DAB151301031301025B0D460B1275
:10D7C000065B114E0B12125B1D660B12215B2C8443
:10D7D0000B12045B0F4A0B053807011351847A03BF
:10D7E0000A680901020304060708090C69101250AF
:04D7F000021D3C00DA
:040000050800018965
:00000001FF
